name,address,city,province,holes,latitude,longitude,google_maps_link
Aberdeen Golf Club,Hope Street,Aberdeen,Eastern Cape,9,-32.477548,24.05347,https://www.google.com/maps/search/?api=1&query=-32.477548%2C24.05347
Adelaide Golf Course,Winterberg Lane,Adelaide,Eastern Cape,18,-32.690839,26.291658,https://www.google.com/maps/search/?api=1&query=-32.690839%2C26.291658
Alexandria Golf Club,Martha Oosthuizen Street,Alexandria,Eastern Cape,9,-33.651244,26.402112,https://www.google.com/maps/search/?api=1&query=-33.651244%2C26.402112
Bushman Sands Golf Course,Main Street,Alicedale,Eastern Cape,18,-33.315671,26.082156,https://www.google.com/maps/search/?api=1&query=-33.315671%2C26.082156
Aliwal North Golf Club,Benson Street,Aliwal North,Eastern Cape,18,-30.698311,26.716068,https://www.google.com/maps/search/?api=1&query=-30.698311%2C26.716068
Barkly East Golf Course,Elliot Road,Barkly East,Eastern Cape,9,-30.970308,27.605021,https://www.google.com/maps/search/?api=1&query=-30.970308%2C27.605021
Bedford Golf Course,Bourke Street,Bedford,Eastern Cape,9,-32.676558,26.096928,https://www.google.com/maps/search/?api=1&query=-32.676558%2C26.096928
Burgersdorp Golf Club ~ 18 Hole,Andries Venter Street,Burgersdorp,Eastern Cape,18,-30.990071,26.328585,https://www.google.com/maps/search/?api=1&query=-30.990071%2C26.328585
Burgersdorp Golf Club ~ 9 Hole,Andries Venter Street,Burgersdorp,Eastern Cape,9,-30.990071,26.328585,https://www.google.com/maps/search/?api=1&query=-30.990071%2C26.328585
Butterworth Country Club,Stanford Street,Butterworth,Eastern Cape,18,-32.32388,28.144462,https://www.google.com/maps/search/?api=1&query=-32.32388%2C28.144462
Cathcart Country Club,The Kloof House,Cathcart,Eastern Cape,18,-32.291458,27.142646,https://www.google.com/maps/search/?api=1&query=-32.291458%2C27.142646
Cradock Golf Club,1 Hofmeyer Road,Cradock,Eastern Cape,18,-32.149386,25.62207,https://www.google.com/maps/search/?api=1&query=-32.149386%2C25.62207
Dordrecht Country Club,Molteno Road,Dordrecht,Eastern Cape,18,-31.368048,27.03774,https://www.google.com/maps/search/?api=1&query=-31.368048%2C27.03774
Alexander Golf Club,"38 Clovelly Road, Sunny Ridge",East London,Eastern Cape,18,-33.042851,27.856547,https://www.google.com/maps/search/?api=1&query=-33.042851%2C27.856547
East London Golf Club,"22 Gleneagles Road, Bunkers Hill",East London,Eastern Cape,18,-32.995861,27.931761,https://www.google.com/maps/search/?api=1&query=-32.995861%2C27.931761
Fig Tree Golf Course,Oceanway Rd,East London,Eastern Cape,9,-32.94234,27.971881,https://www.google.com/maps/search/?api=1&query=-32.94234%2C27.971881
Gonubie Golf Club,"End Street, Gonubie",East London,Eastern Cape,18,-32.950938,28.006167,https://www.google.com/maps/search/?api=1&query=-32.950938%2C28.006167
Olivewood Golf Estate,Cintsa Mouth West,East London,Eastern Cape,18,-32.839306,28.087281,https://www.google.com/maps/search/?api=1&query=-32.839306%2C28.087281
West Bank Golf Club,Hood Street,East London,Eastern Cape,18,-33.037895,27.902562,https://www.google.com/maps/search/?api=1&query=-33.037895%2C27.902562
Elliot Golf Club,Lloyd Street,Elliot,Eastern Cape,9,-31.326241,27.838411,https://www.google.com/maps/search/?api=1&query=-31.326241%2C27.838411
Fort Beaufort Golf Course,1601 Ralph Street,Fort Beaufort,Eastern Cape,18,-32.762837,26.624062,https://www.google.com/maps/search/?api=1&query=-32.762837%2C26.624062
Graaff Reinet Golf Club,"The Commonage, Aberdeen Road",Graaff-Reinet,Eastern Cape,18,-32.295146,24.54514,https://www.google.com/maps/search/?api=1&query=-32.295146%2C24.54514
Grahamstown Golf Club,Old Cradock Road,Grahamstown,Eastern Cape,18,-33.296374,26.499327,https://www.google.com/maps/search/?api=1&query=-33.296374%2C26.499327
The Belmont Golf Club,Belmont Valley Rd,Grahamstown,Eastern Cape,18,-33.325136,26.611023,https://www.google.com/maps/search/?api=1&query=-33.325136%2C26.611023
Hankey Golf Club,Klein River Road,Hankey,Eastern Cape,18,-33.826903,24.882884,https://www.google.com/maps/search/?api=1&query=-33.826903%2C24.882884
Zwartenbosch Golf & Lifestyle Estate,Zwartenbosch Street,Humansdorp,Eastern Cape,9,-33.990201,24.751416,https://www.google.com/maps/search/?api=1&query=-33.990201%2C24.751416
Indiwe Golf Club,West Street,Indiwe,Eastern Cape,9,-31.472461,27.337203,https://www.google.com/maps/search/?api=1&query=-31.472461%2C27.337203
Jeffreys Bay Golf Club ~ 18 Hole,Disa Avenue,Jeffreys Bay,Eastern Cape,18,-34.039437,24.914593,https://www.google.com/maps/search/?api=1&query=-34.039437%2C24.914593
Jeffreys Bay Golf Club ~ 9 Hole,Disa Avenue,Jeffreys Bay,Eastern Cape,9,-34.039437,24.914593,https://www.google.com/maps/search/?api=1&query=-34.039437%2C24.914593
Jeffreys Bay Golf Club ~ Par 3,Disa Avenue,Jeffreys Bay,Eastern Cape,18,-34.039437,24.914593,https://www.google.com/maps/search/?api=1&query=-34.039437%2C24.914593
Langkloof Golf Club ~ 18,"Die Ark, Hoofpad",Joubertina,Eastern Cape,18,-33.838294,23.837539,https://www.google.com/maps/search/?api=1&query=-33.838294%2C23.837539
Langkloof Golf Club ~ 9,"Die Ark, Hoofpad",Joubertina,Eastern Cape,9,-33.838294,23.837539,https://www.google.com/maps/search/?api=1&query=-33.838294%2C23.837539
Katberg Eco Estate,R351,Katberg,Eastern Cape,18,-32.497466,26.681714,https://www.google.com/maps/search/?api=1&query=-32.497466%2C26.681714
Kei Mouth Country Club,Golf Course Road,Kei Mouth,Eastern Cape,18,-32.696153,28.364207,https://www.google.com/maps/search/?api=1&query=-32.696153%2C28.364207
King William's Town Golf Course,Cnr National Rd and Hargreaves Ave,King Williams Town,Eastern Cape,18,-32.892144,27.409215,https://www.google.com/maps/search/?api=1&query=-32.892144%2C27.409215
Kirkwood Golf Club,Uye Road,Kirkwood,Eastern Cape,18,-33.39282,25.450232,https://www.google.com/maps/search/?api=1&query=-33.39282%2C25.450232
Komga Golf Course,Main Street,Komga,Eastern Cape,18,-32.576695,27.886282,https://www.google.com/maps/search/?api=1&query=-32.576695%2C27.886282
Lady Grey Golf Club,28 Schriener Road,Lady Grey,Eastern Cape,18,-30.707881,27.209702,https://www.google.com/maps/search/?api=1&query=-30.707881%2C27.209702
Maclear Golf Course,Maclear Country Club,Maclear,Eastern Cape,9,-31.066666,28.335634,https://www.google.com/maps/search/?api=1&query=-31.066666%2C28.335634
Matatiele Golf Club,Mount Fletcher Road,Matatiele,Eastern Cape,18,-30.33999,28.798363,https://www.google.com/maps/search/?api=1&query=-30.33999%2C28.798363
Middelburg Golf and Country Club ~ 18 Hole,,Middelburg,Eastern Cape,18,-31.526599,25.031339,https://www.google.com/maps/search/?api=1&query=-31.526599%2C25.031339
Middelburg Golf and Country Club ~ 9 Hole,,Middelburg,Eastern Cape,9,-31.526599,25.031339,https://www.google.com/maps/search/?api=1&query=-31.526599%2C25.031339
Molteno Golf Course,Aichison Street,Molteno,Eastern Cape,18,-31.399119,26.349463,https://www.google.com/maps/search/?api=1&query=-31.399119%2C26.349463
Mthatha Country Club,36 Delville Road,Mthatha,Eastern Cape,18,-31.587689,28.775876,https://www.google.com/maps/search/?api=1&query=-31.587689%2C28.775876
Fynbos Golf and Country Estate,Eersterivierstrand,Oubosrand,Eastern Cape,18,-34.070267,24.233131,https://www.google.com/maps/search/?api=1&query=-34.070267%2C24.233131
Fish River Sun Country Club,R72,Port Alfred,Eastern Cape,18,-33.483611,27.133227,https://www.google.com/maps/search/?api=1&query=-33.483611%2C27.133227
Royal Port Alfred Golf Club,7 St Andrews Road,Port Alfred,Eastern Cape,18,-33.603499,26.884577,https://www.google.com/maps/search/?api=1&query=-33.603499%2C26.884577
Wild Coast Sun Country Club,"Main Bizana Road (R61), Mzamba Beach",Port Edward,Eastern Cape,18,-31.088308,30.184044,https://www.google.com/maps/search/?api=1&query=-31.088308%2C30.184044
Chelsea Mashie Golf Club,"Portion 39 of 25, Chelsea Meadows",Port Elizabeth,Eastern Cape,9,-33.976774,25.466945,https://www.google.com/maps/search/?api=1&query=-33.976774%2C25.466945
Humewood Golf Club,Marine Drive,Port Elizabeth,Eastern Cape,18,-33.99849,25.682833,https://www.google.com/maps/search/?api=1&query=-33.99849%2C25.682833
Kragga Kamma Golf Course,"Kragga Kamma Road, Chelsea",Port Elizabeth,Eastern Cape,18,-33.976859,25.453687,https://www.google.com/maps/search/?api=1&query=-33.976859%2C25.453687
Port Elizabeth Golf Club,"Westview Drive, Mill Park",Port Elizabeth,Eastern Cape,18,-33.957725,25.588452,https://www.google.com/maps/search/?api=1&query=-33.957725%2C25.588452
Sardinia Bay Golf Club ~ 18 Hole,1 Heron Rd,Port Elizabeth,Eastern Cape,18,-34.016649,25.496893,https://www.google.com/maps/search/?api=1&query=-34.016649%2C25.496893
Sardinia Bay Golf Club ~ 9 Hole,1 Heron Rd,Port Elizabeth,Eastern Cape,9,-34.016649,25.496893,https://www.google.com/maps/search/?api=1&query=-34.016649%2C25.496893
Shark River Golf Club,"Tasker Street Military Base, Forest Hill",Port Elizabeth,Eastern Cape,18,-33.984917,25.625497,https://www.google.com/maps/search/?api=1&query=-33.984917%2C25.625497
Walmer Golf Club,"Cnr 10th Avenue and River Road, Walmer",Port Elizabeth,Eastern Cape,18,-33.974972,25.576793,https://www.google.com/maps/search/?api=1&query=-33.974972%2C25.576793
Wedgewood Golf Course,"226 Old Cape Road, Mill Park",Port Elizabeth,Eastern Cape,18,-33.914416,25.393943,https://www.google.com/maps/search/?api=1&query=-33.914416%2C25.393943
Port Saint Johns Golf Club,Golf Course Drive,Port St Johns,Eastern Cape,9,-31.630518,29.544897,https://www.google.com/maps/search/?api=1&query=-31.630518%2C29.544897
Queenstown Golf Club,Golf Road,Queenstown,Eastern Cape,18,-31.900495,26.889345,https://www.google.com/maps/search/?api=1&query=-31.900495%2C26.889345
Somerset East Golf Club,Bestershoek,Somerset East,Eastern Cape,18,-32.710308,25.562691,https://www.google.com/maps/search/?api=1&query=-32.710308%2C25.562691
Saint Francis Bay Golf Club,556 Lyme Road,St Francis Bay,Eastern Cape,18,-34.161229,24.819967,https://www.google.com/maps/search/?api=1&query=-34.161229%2C24.819967
St. Francis Links,St Francis Bay Road,St. Francis Bay,Eastern Cape,18,-34.162411,24.81515,https://www.google.com/maps/search/?api=1&query=-34.162411%2C24.81515
Tsitsikamma Coastal Golf Estate,Tsitsikamma,Storms River,Eastern Cape,18,-34.006163,23.896199,https://www.google.com/maps/search/?api=1&query=-34.006163%2C23.896199
Stutterheim Golf Club,Ken Muzzell Avenue,Stutterheim,Eastern Cape,18,-32.566475,27.412297,https://www.google.com/maps/search/?api=1&query=-32.566475%2C27.412297
Uitenhage Golf Club,Winterhoek Drive,Uitenhage,Eastern Cape,18,-33.742628,25.412917,https://www.google.com/maps/search/?api=1&query=-33.742628%2C25.412917
Walmer Country Club,1 Victoria Drive,Walmer,Eastern Cape,18,-33.991607,25.577105,https://www.google.com/maps/search/?api=1&query=-33.991607%2C25.577105
Willowmore Golf Club,Wehmeyer Street,Willowmore,Eastern Cape,18,-33.296584,23.502366,https://www.google.com/maps/search/?api=1&query=-33.296584%2C23.502366
Bethlehem Golf Club,Cnr Golf and Commissioner Streets,Bethlehem,Free State,18,-28.225789,28.306502,https://www.google.com/maps/search/?api=1&query=-28.225789%2C28.306502
Bethulie Golf Course,15 Boshoff Street,Bethulie,Free State,9,-30.496137,25.967388,https://www.google.com/maps/search/?api=1&query=-30.496137%2C25.967388
Bloemfontein Golf Club,Maselspoort Road,Bloemfontein,Free State,18,-29.116216,26.257367,https://www.google.com/maps/search/?api=1&query=-29.116216%2C26.257367
Schoeman Park Golf Course,Maselspoort Rd,Bloemfontein,Free State,18,-29.116538,26.249793,https://www.google.com/maps/search/?api=1&query=-29.116538%2C26.249793
Tempe Golf Club,"Furstenburg Road, Tempe Military Base",Bloemfontein,Free State,9,-29.094501,26.195934,https://www.google.com/maps/search/?api=1&query=-29.094501%2C26.195934
Bothaville Golf Course,Kroonstad Road,Bothaville,Free State,18,-27.394667,26.624336,https://www.google.com/maps/search/?api=1&query=-27.394667%2C26.624336
Brandfort Golf Club,Eeufees Avenue,Brandfort,Free State,9,-28.696718,26.469455,https://www.google.com/maps/search/?api=1&query=-28.696718%2C26.469455
Bultfontein Golf Course,Bultfontein Farm,Bultfontein,Free State,9,-28.280111,26.133506,https://www.google.com/maps/search/?api=1&query=-28.280111%2C26.133506
The Clarens Golf Estate,Golden Gate Road,Clarens,Free State,18,-28.516122,28.429103,https://www.google.com/maps/search/?api=1&query=-28.516122%2C28.429103
Clocolan Golf Club,Andries Pretorius Street,Clocolan,Free State,9,-28.917239,27.571376,https://www.google.com/maps/search/?api=1&query=-28.917239%2C27.571376
Dewetsdorp Golf Club,Hertzog Street,Dewetsdorp,Free State,9,-29.576032,26.664312,https://www.google.com/maps/search/?api=1&query=-29.576032%2C26.664312
Edenburg Golf Club,Jagersfontein Road,Edenburg,Free State,9,-29.736214,25.9287,https://www.google.com/maps/search/?api=1&query=-29.736214%2C25.9287
Excelsior Golf Club,Wesselsstraat,Excelsior,Free State,9,-28.932452,27.057889,https://www.google.com/maps/search/?api=1&query=-28.932452%2C27.057889
Ficksburg Golf Course,1 Hill Street,Ficksburg,Free State,18,-28.859481,27.888856,https://www.google.com/maps/search/?api=1&query=-28.859481%2C27.888856
Frankfort Golf Course,Brand Street,Frankfort,Free State,9,-27.288086,28.495767,https://www.google.com/maps/search/?api=1&query=-27.288086%2C28.495767
Harrismith Country Club,Murray Street,Harrismith,Free State,18,-28.265955,29.135163,https://www.google.com/maps/search/?api=1&query=-28.265955%2C29.135163
Heilbron Golf Course,Pienaar Street,Heilbron,Free State,9,-27.293091,27.960072,https://www.google.com/maps/search/?api=1&query=-27.293091%2C27.960072
Holly Country Club,Off Sasolburg Highway (R57),Heilbron,Free State,18,-26.934554,27.914113,https://www.google.com/maps/search/?api=1&query=-26.934554%2C27.914113
Whites Golf Club,5km South of Hennenman,Hennenman,Free State,18,-28.008978,26.992011,https://www.google.com/maps/search/?api=1&query=-28.008978%2C26.992011
Hoopstad Golf Club ~ 18 Hole,35 Kameeldoring Street,Hoopstad,Free State,18,-27.821429,25.905182,https://www.google.com/maps/search/?api=1&query=-27.821429%2C25.905182
Hoopstad Golf Club ~ 9 Hole,35 Kameeldoring Street,Hoopstad,Free State,9,-27.821429,25.905182,https://www.google.com/maps/search/?api=1&query=-27.821429%2C25.905182
Jacobsdal Golf Club ~ 18 Hole,34 Hoop Street,Jacobsdal,Free State,18,-29.131773,24.778354,https://www.google.com/maps/search/?api=1&query=-29.131773%2C24.778354
Jacobsdal Golf Club ~ 9 Hole,34 Hoop Street,Jacobsdal,Free State,9,-29.131773,24.778354,https://www.google.com/maps/search/?api=1&query=-29.131773%2C24.778354
Jagersfontein Golf Club,Amandelhoogte,Jagersfontein,Free State,18,-29.752608,25.431531,https://www.google.com/maps/search/?api=1&query=-29.752608%2C25.431531
Kestell Golf Club,Cilliers Street,Kestell,Free State,18,-28.301897,28.701675,https://www.google.com/maps/search/?api=1&query=-28.301897%2C28.701675
Koffiefontein Golf Course,Du Preez Street,Koffiefontein,Free State,18,-29.410958,25.001085,https://www.google.com/maps/search/?api=1&query=-29.410958%2C25.001085
Kroonstad Correctional Services Golf Course,College Terrain,Kroonstad,Free State,18,-27.624393,27.233047,https://www.google.com/maps/search/?api=1&query=-27.624393%2C27.233047
Kroonstad Country Club,Kroonpark Avenue,Kroonstad,Free State,18,-27.665269,27.244291,https://www.google.com/maps/search/?api=1&query=-27.665269%2C27.244291
Ladybrand Sports Club,1 Loop Street,Ladybrand,Free State,18,-29.204493,27.456143,https://www.google.com/maps/search/?api=1&query=-29.204493%2C27.456143
Balkfontein Golf Club,Corner 10th Ave and River Rd,Lejweleputswa,Free State,18,-27.403412,26.504478,https://www.google.com/maps/search/?api=1&query=-27.403412%2C26.504478
Waterford Golf Course,Vaal River,Loch Vaal,Free State,18,-26.769982,27.696183,https://www.google.com/maps/search/?api=1&query=-26.769982%2C27.696183
Marquard Golf Club,Andries Pretorius Street,Marquard,Free State,18,-28.658631,27.434192,https://www.google.com/maps/search/?api=1&query=-28.658631%2C27.434192
Parys Golf & Country Estate,Cnr Venus and Briel Streets,Parys,Free State,18,-26.889995,27.466548,https://www.google.com/maps/search/?api=1&query=-26.889995%2C27.466548
Vaal de Grace Golf Estate,"R59 Road, 2km from Parys",Parys,Free State,18,-26.925531,27.418068,https://www.google.com/maps/search/?api=1&query=-26.925531%2C27.418068
Petrus Steyn Golf Course,Steyn Street,Petrus Steyn,Free State,9,-27.651858,28.137403,https://www.google.com/maps/search/?api=1&query=-27.651858%2C28.137403
Reitz Golf Club,Vrede Road,Reitz,Free State,18,-27.788501,28.441072,https://www.google.com/maps/search/?api=1&query=-27.788501%2C28.441072
Heron Banks Golf Course,"Minnaar, Vaal Park",Sasolburg,Free State,18,-26.751347,27.845297,https://www.google.com/maps/search/?api=1&query=-26.751347%2C27.845297
Senekal Golf Club,Town Grounds,Senekal,Free State,9,-28.319342,27.618663,https://www.google.com/maps/search/?api=1&query=-28.319342%2C27.618663
Smithfield Golf Club,N6 motorway,Smithfield,Free State,9,-30.196728,26.537101,https://www.google.com/maps/search/?api=1&query=-30.196728%2C26.537101
Theunissen Golf Club,"Show Grounds, (Off the R708)",Theunissen,Free State,9,-28.389251,26.717913,https://www.google.com/maps/search/?api=1&query=-28.389251%2C26.717913
Maccauvlei Golf Club,"Old Sasolburg Road, Viljoensdrift",Vereeniging,Free State,18,-26.684292,27.939698,https://www.google.com/maps/search/?api=1&query=-26.684292%2C27.939698
Viljoenskroon Golf Club,Voortrekker Street,Viljoenskroon,Free State,18,-27.215243,26.960571,https://www.google.com/maps/search/?api=1&query=-27.215243%2C26.960571
Sand River Golf Course,Valley Drive North,Virginia,Free State,18,-28.094788,26.874597,https://www.google.com/maps/search/?api=1&query=-28.094788%2C26.874597
Vrede Golf Club,Volksrus Road,Vrede,Free State,18,-27.43838,29.16943,https://www.google.com/maps/search/?api=1&query=-27.43838%2C29.16943
Brand Mashie Golf Club,Welkom Mines,Welkom,Free State,9,-28.022726,26.770387,https://www.google.com/maps/search/?api=1&query=-28.022726%2C26.770387
Oppenheimer Park Golf Club,3 Oppenheimer Park Drive,Welkom,Free State,18,-28.019292,26.780386,https://www.google.com/maps/search/?api=1&query=-28.019292%2C26.780386
Wesselsbron Golf Club,Voortrekker St,Wesselsbron,Free State,18,-27.859912,26.367123,https://www.google.com/maps/search/?api=1&query=-27.859912%2C26.367123
Westminster Golf Club,Westminster Estate,Westminster,Free State,18,-29.15928,27.157915,https://www.google.com/maps/search/?api=1&query=-29.15928%2C27.157915
Zastron Golf Club,Sterkspruit Road,Zastron,Free State,18,-30.307803,27.103035,https://www.google.com/maps/search/?api=1&query=-30.307803%2C27.103035
Reading Country Club,"40 Fore St, New Redruth",Alberton,Gauteng,18,-26.265024,28.107363,https://www.google.com/maps/search/?api=1&query=-26.265024%2C28.107363
Johannesburg Country Club ~ Mashie,1 Napier Road,Auckland Park,Gauteng,9,-26.050164,28.080691,https://www.google.com/maps/search/?api=1&query=-26.050164%2C28.080691
Johannesburg Country Club ~ Rocklands,1 Napier Road,Auckland Park,Gauteng,18,-26.050164,28.080691,https://www.google.com/maps/search/?api=1&query=-26.050164%2C28.080691
Johannesburg Country Club ~ Woodmead,1 Napier Road,Auckland Park,Gauteng,18,-26.050164,28.080691,https://www.google.com/maps/search/?api=1&query=-26.050164%2C28.080691
Glendower Golf Club,"20 Marias Road, Dowerglen Ext 2",Bedfordview,Gauteng,18,-26.159873,28.141771,https://www.google.com/maps/search/?api=1&query=-26.159873%2C28.141771
Benoni Country Club,"Morris Ave, Morehill",Benoni,Gauteng,18,-26.17223,28.342534,https://www.google.com/maps/search/?api=1&query=-26.17223%2C28.342534
Ebotse Golf & Country Estate,"Sarel Cilliers Street, Rynfield",Benoni,Gauteng,18,-26.155744,28.351378,https://www.google.com/maps/search/?api=1&query=-26.155744%2C28.351378
Saps Mechanics Golf Course,"Hospital Road, Northmead",Benoni,Gauteng,9,-26.160655,28.309101,https://www.google.com/maps/search/?api=1&query=-26.160655%2C28.309101
The Lake Golf Club - Benoni,Lakefield Ave,Benoni,Gauteng,18,-26.18281,28.296914,https://www.google.com/maps/search/?api=1&query=-26.18281%2C28.296914
Blyvooruitzicht Golf Course,6th Avenue,Blyvooruitzicht,Gauteng,18,-26.406204,27.392101,https://www.google.com/maps/search/?api=1&query=-26.406204%2C27.392101
ERPM Golf Course,Pretoria Rd,Boksburg West,Gauteng,18,-26.197756,28.22796,https://www.google.com/maps/search/?api=1&query=-26.197756%2C28.22796
Royal Oak Country Club,"1 Prince George Avenue, Anzac",Brakpan,Gauteng,18,-26.226474,28.359101,https://www.google.com/maps/search/?api=1&query=-26.226474%2C28.359101
State Mines Country Club,30 Hewitt Avenue,Brakpan,Gauteng,18,-26.208774,28.374259,https://www.google.com/maps/search/?api=1&query=-26.208774%2C28.374259
Bronkhorstspruit Golf Club,Luiperd Str.,Bronkhorstspruit,Gauteng,18,-25.807957,28.724643,https://www.google.com/maps/search/?api=1&query=-25.807957%2C28.724643
Bryanston Country Club,Corner Bryanston Drive and Grosvenor Road,Bryanston,Gauteng,18,-26.061974,28.012583,https://www.google.com/maps/search/?api=1&query=-26.061974%2C28.012583
Dainfern Golf and Country Estate,"Dainfern Estate, Cedar Road",Bryanston,Gauteng,18,-25.988932,27.997434,https://www.google.com/maps/search/?api=1&query=-25.988932%2C27.997434
Dimension Data Mashie Golf Course,Campus - Cnr Main & Sloane,Bryanston,Gauteng,9,-26.042178,28.021382,https://www.google.com/maps/search/?api=1&query=-26.042178%2C28.021382
Goldfields West Golf Club,West Driefontein Mine,Carletonville,Gauteng,18,-26.391189,27.473949,https://www.google.com/maps/search/?api=1&query=-26.391189%2C27.473949
Blue Valley Golf & Country Estate,"Samrand Avenue, Midrand",Centurion,Gauteng,18,-25.934755,28.123697,https://www.google.com/maps/search/?api=1&query=-25.934755%2C28.123697
Centurion Golf Club,John Vorster Avenue,Centurion,Gauteng,18,-25.873148,28.204789,https://www.google.com/maps/search/?api=1&query=-25.873148%2C28.204789
Centurion Lake Golf Course,200 Kwikkie Crescent,Centurion,Gauteng,9,-25.850023,28.181102,https://www.google.com/maps/search/?api=1&query=-25.850023%2C28.181102
The Els Club Copperleaf,Ernie Els Boulevard,Centurion,Gauteng,18,-25.880163,28.047817,https://www.google.com/maps/search/?api=1&query=-25.880163%2C28.047817
Crown Mines Golf Course,Booysens Reserve Rd,Crown Mines,Gauteng,18,-26.234176,27.991507,https://www.google.com/maps/search/?api=1&query=-26.234176%2C27.991507
Cullinan Golf Club,Main Road,Cullinan,Gauteng,18,-25.670384,28.524669,https://www.google.com/maps/search/?api=1&query=-25.670384%2C28.524669
Daveyton Golf Course,Cnr Eislan and Sibeko Street,Daveyton,Gauteng,18,-26.127849,28.442852,https://www.google.com/maps/search/?api=1&query=-26.127849%2C28.442852
Eye of Africa Golf Estate,33 Cayman Road,Eikenhof,Gauteng,18,-26.3623,28.02146,https://www.google.com/maps/search/?api=1&query=-26.3623%2C28.02146
Sun Valley Golf Course,Perdekop Road,Eikenhof,Gauteng,18,-26.420301,28.023142,https://www.google.com/maps/search/?api=1&query=-26.420301%2C28.023142
Serengeti Golf & Wildlife Estate ~ Signature Course,"R25 (Just off the R21), Kempton Park",Ekurhuleni,Gauteng,18,-26.041557,28.289885,https://www.google.com/maps/search/?api=1&query=-26.041557%2C28.289885
Serengeti Golf & Wildlife Estate ~ Whistling Thorn,"R25 (Just off the R21), Kempton Park",Ekurhuleni,Gauteng,18,-26.041557,28.289885,https://www.google.com/maps/search/?api=1&query=-26.041557%2C28.289885
Blair Atholl Golf Club,"R512, Lanseria",Fourways,Gauteng,18,-25.906934,27.919317,https://www.google.com/maps/search/?api=1&query=-25.906934%2C27.919317
Germiston Country Club,Rand Airport Rd,Germiston,Gauteng,18,-26.233125,28.153028,https://www.google.com/maps/search/?api=1&query=-26.233125%2C28.153028
Glenvista Country Club,Vorster Ave,Glenvista,Gauteng,18,-26.281408,28.056084,https://www.google.com/maps/search/?api=1&query=-26.281408%2C28.056084
Heidelberg Golf Course,2 Station Road,Heidelberg,Gauteng,9,-26.505997,28.374295,https://www.google.com/maps/search/?api=1&query=-26.505997%2C28.374295
Eagle Canyon Country Club,3 Blueberry Street,Honeydew,Gauteng,18,-26.086636,27.923592,https://www.google.com/maps/search/?api=1&query=-26.086636%2C27.923592
Houghton Golf Club,2nd Avenue,Houghton,Gauteng,18,-26.164295,28.069787,https://www.google.com/maps/search/?api=1&query=-26.164295%2C28.069787
Irene Country Club,1 Main Road,Irene,Gauteng,18,-25.884078,28.222805,https://www.google.com/maps/search/?api=1&query=-25.884078%2C28.222805
Royal Johannesburg & Kensington Golf Club ~ East Course,1 Fairway Avenue,Johannesburg,Gauteng,18,-26.155669,28.108031,https://www.google.com/maps/search/?api=1&query=-26.155669%2C28.108031
Royal Johannesburg & Kensington Golf Club ~ West Course,1 Fairway Avenue,Johannesburg,Gauteng,18,-26.155669,28.108031,https://www.google.com/maps/search/?api=1&query=-26.155669%2C28.108031
World of Golf Wedge & Putt Course,Cnr Woodmead and Maxwell Drive,Johannesburg,Gauteng,9,-26.042943,28.093239,https://www.google.com/maps/search/?api=1&query=-26.042943%2C28.093239
Avion Park Golf Club ~ 18 Hole,123 Highveld Road,Kempton Park,Gauteng,18,-26.100742,28.249031,https://www.google.com/maps/search/?api=1&query=-26.100742%2C28.249031
Avion Park Golf Club ~ 9 Hole,123 Highveld Road,Kempton Park,Gauteng,9,-26.100742,28.249031,https://www.google.com/maps/search/?api=1&query=-26.100742%2C28.249031
Krugersdorp Golf Club,"Nightingale Crescent, Rant & Dal",Krugersdorp,Gauteng,18,-26.08135,27.784359,https://www.google.com/maps/search/?api=1&query=-26.08135%2C27.784359
Kyalami Country Club,433 Maple Rd,Kyalami,Gauteng,18,-25.977946,28.058286,https://www.google.com/maps/search/?api=1&query=-25.977946%2C28.058286
Huddle Park Golf Club ~ Championship Blue Course,119 Club Street,Linksfield,Gauteng,18,-26.155869,28.119574,https://www.google.com/maps/search/?api=1&query=-26.155869%2C28.119574
Huddle Park Golf Club ~ Mashie Course,119 Club Street,Linksfield,Gauteng,9,-26.155869,28.119574,https://www.google.com/maps/search/?api=1&query=-26.155869%2C28.119574
Killarney Country Club,60 Fifth Street,Lower Houghton,Gauteng,18,-26.151767,28.054165,https://www.google.com/maps/search/?api=1&query=-26.151767%2C28.054165
Engineers Golf Club,"Military Base, Reier Laan",Marievale,Gauteng,18,-26.345319,28.491327,https://www.google.com/maps/search/?api=1&query=-26.345319%2C28.491327
South Downs Country Club,Albaster Avenue,Mayfield Park,Gauteng,18,-26.317715,28.018657,https://www.google.com/maps/search/?api=1&query=-26.317715%2C28.018657
Meyerton Golf Club,Ramsey Patmore Avenue,Meyerton,Gauteng,18,-26.555607,28.025715,https://www.google.com/maps/search/?api=1&query=-26.555607%2C28.025715
Golf at Midfields Estates,Midsteam Estate,Midfields Estate,Gauteng,18,-25.921108,28.195961,https://www.google.com/maps/search/?api=1&query=-25.921108%2C28.195961
Steyn City Golf Course,Zevenfontein,Midrand,Gauteng,18,-25.971081,27.996292,https://www.google.com/maps/search/?api=1&query=-25.971081%2C27.996292
Modderfontein Golf Club,Golf Club Drive,Modderfontein,Gauteng,18,-26.10152,28.162615,https://www.google.com/maps/search/?api=1&query=-26.10152%2C28.162615
Kimiad Golf,Wekker Road,Moreletapark,Gauteng,18,-25.817774,28.296576,https://www.google.com/maps/search/?api=1&query=-25.817774%2C28.296576
Nigel Golf Club,off Old Springs Road,Nigel,Gauteng,18,-26.39567,28.455286,https://www.google.com/maps/search/?api=1&query=-26.39567%2C28.455286
Jackal Creek Golf Estate,"Boundary Road, Honeydew",Northriding,Gauteng,18,-26.057225,27.926336,https://www.google.com/maps/search/?api=1&query=-26.057225%2C27.926336
Observatory Golf Club,5 Steyn Street,Observatory,Gauteng,18,-26.178546,28.078706,https://www.google.com/maps/search/?api=1&query=-26.178546%2C28.078706
Parkview Golf Club,Emmarentia Ave,Parkview,Gauteng,18,-26.156424,28.022955,https://www.google.com/maps/search/?api=1&query=-26.156424%2C28.022955
Hillside Golf Club,"Rachel de Beer Street, Pretoria North",Pretoria,Gauteng,18,-25.678504,28.15268,https://www.google.com/maps/search/?api=1&query=-25.678504%2C28.15268
Mooipoort Golf Club,"Loerie Rd 304, Kameeldrift",Pretoria,Gauteng,18,-25.647975,28.318636,https://www.google.com/maps/search/?api=1&query=-25.647975%2C28.318636
Pebble Rock Country Club,"307 Aquamarine Drive, Pebble Rock Golf Estate",Pretoria,Gauteng,18,-25.613607,28.389254,https://www.google.com/maps/search/?api=1&query=-25.613607%2C28.389254
Pretoria Country Club,"241 Sydney Ave, Waterkloof",Pretoria,Gauteng,18,-25.782883,28.251222,https://www.google.com/maps/search/?api=1&query=-25.782883%2C28.251222
Pretoria Golf Club,"Morkel Street East, Phillip Nel Park",Pretoria,Gauteng,18,-25.738907,28.141737,https://www.google.com/maps/search/?api=1&query=-25.738907%2C28.141737
Sandonia Golf Club,"Plot 23, Kameeldrift East",Pretoria,Gauteng,18,-25.662221,28.332159,https://www.google.com/maps/search/?api=1&query=-25.662221%2C28.332159
Services Golf Club,"Jacobus Opperman Road, Thabatshwane",Pretoria,Gauteng,18,-25.78444,28.159783,https://www.google.com/maps/search/?api=1&query=-25.78444%2C28.159783
Silver Lakes Golf Estate,Lynwood Road,Pretoria,Gauteng,18,-25.772703,28.370562,https://www.google.com/maps/search/?api=1&query=-25.772703%2C28.370562
Waterkloof Golf Club,"Johan Rissik Drive, Waterkloof",Pretoria,Gauteng,18,-25.789289,28.222096,https://www.google.com/maps/search/?api=1&query=-25.789289%2C28.222096
Wingate Park Country Club,"Norval Street, Moreleta Park",Pretoria,Gauteng,18,-25.826179,28.277492,https://www.google.com/maps/search/?api=1&query=-25.826179%2C28.277492
Woodhill Country Club,"Garsfontein Drive, Woodhill Estate, Pretoria East",Pretoria,Gauteng,18,-25.821013,28.312292,https://www.google.com/maps/search/?api=1&query=-25.821013%2C28.312292
Zwartkop Country Club,"Old Johannesburg Road, Lyttelton",Pretoria,Gauteng,18,-25.83019,28.160588,https://www.google.com/maps/search/?api=1&query=-25.83019%2C28.160588
Randpark Golf Club ~ Bushwillow Course,Setperk St,Randburg,Gauteng,18,-26.114738,27.965825,https://www.google.com/maps/search/?api=1&query=-26.114738%2C27.965825
Randpark Golf Club ~ Firethorn Course,Setperk St,Randburg,Gauteng,18,-26.114738,27.965825,https://www.google.com/maps/search/?api=1&query=-26.114738%2C27.965825
Randfontein Golf and Country Club,"Homestead Avenue, Robinson",Randfontein,Gauteng,18,-26.155036,27.714257,https://www.google.com/maps/search/?api=1&query=-26.155036%2C27.714257
C.M.R. Golf Course,"300 Spencer Road, Maraisburg",Roodepoort,Gauteng,18,-26.18881,27.937267,https://www.google.com/maps/search/?api=1&query=-26.18881%2C27.937267
Durban Deep Golf Club,Main Reef Rd,Roodepoort,Gauteng,18,-26.173596,27.867594,https://www.google.com/maps/search/?api=1&query=-26.173596%2C27.867594
Jim and Jerry's Driving Range and Mashie Course,"1724 Hole in One Road, Ruimsig",Roodepoort,Gauteng,18,-26.074076,27.857487,https://www.google.com/maps/search/?api=1&query=-26.074076%2C27.857487
Ruimsig Country Club,"Hole In One Avenue, Ruimsig",Roodepoort,Gauteng,18,-26.082766,27.865491,https://www.google.com/maps/search/?api=1&query=-26.082766%2C27.865491
Creek 9 Golf Course,3 Anton van Wouw Str,Roosevelt Park,Gauteng,9,-26.150244,27.990645,https://www.google.com/maps/search/?api=1&query=-26.150244%2C27.990645
Inanda Greens Golf Course,54 Wierda Road,Sandton,Gauteng,9,-26.114803,28.055224,https://www.google.com/maps/search/?api=1&query=-26.114803%2C28.055224
Leeuwkop Golf Club,"2571 Candican Rd, Sunninghill",Sandton,Gauteng,18,-26.008745,28.064772,https://www.google.com/maps/search/?api=1&query=-26.008745%2C28.064772
The River Club Golf Course,"Links Rd, River Club",Sandton,Gauteng,18,-26.077808,28.038624,https://www.google.com/maps/search/?api=1&query=-26.077808%2C28.038624
The Wanderers Golf Club,"Cnr Corlett Dr and Rudd Rd, Illovo",Sandton,Gauteng,18,-26.133406,28.051872,https://www.google.com/maps/search/?api=1&query=-26.133406%2C28.051872
Soweto Country Club,"5353 Mokoka Street, Pimville",Soweto,Gauteng,18,-26.276462,27.903711,https://www.google.com/maps/search/?api=1&query=-26.276462%2C27.903711
Kempton Park Golf Club,"Green Avenue, Kempton Park",Spartan,Gauteng,18,-26.106327,28.210959,https://www.google.com/maps/search/?api=1&query=-26.106327%2C28.210959
Pollak Park Golf Course,"279 Tonk Meter Drive, Pollak Park",Springs,Gauteng,18,-26.268847,28.42766,https://www.google.com/maps/search/?api=1&query=-26.268847%2C28.42766
Springs Country Club,"Cnr Parkes and Nigel Rd, Selection Park",Springs,Gauteng,18,-26.26457,28.442506,https://www.google.com/maps/search/?api=1&query=-26.26457%2C28.442506
Thatchfield Golf Academy,Brakfontein Road,Thatchfield,Gauteng,9,-25.89448,28.121395,https://www.google.com/maps/search/?api=1&query=-25.89448%2C28.121395
Akasia Country Club,Volksrus Road,Theresapark,Gauteng,18,-25.660415,28.142574,https://www.google.com/maps/search/?api=1&query=-25.660415%2C28.142574
Emfuleni Country Club,Emfuleni Drive,Vanderbijlpark,Gauteng,18,-26.744049,27.841437,https://www.google.com/maps/search/?api=1&query=-26.744049%2C27.841437
Riviera on Vaal Country Club,Mario Milani Drive,Vereeniging,Gauteng,18,-26.672738,27.93913,https://www.google.com/maps/search/?api=1&query=-26.672738%2C27.93913
Ohenimuri Country Club,"Walker Avenue, Fairway Village, Ohenimuri",Walkerville,Gauteng,18,-26.444972,27.948661,https://www.google.com/maps/search/?api=1&query=-26.444972%2C27.948661
Waterpan Golf Course,Westonaria Gold Mine,Westonaria,Gauteng,18,-26.355685,27.702265,https://www.google.com/maps/search/?api=1&query=-26.355685%2C27.702265
Amatikulu Country Club,Tongaat Village,Amatikulu,Kwazulu-Natal,18,-29.047446,31.53033,https://www.google.com/maps/search/?api=1&query=-29.047446%2C31.53033
Bosch Hoek Golf Club,Bosch Hoek Farm,Balgowan,Kwazulu-Natal,18,-29.352171,30.096622,https://www.google.com/maps/search/?api=1&query=-29.352171%2C30.096622
Simbithi Country Club,"Shaka's Rock Road, Shaka's Rock",Ballito,Kwazulu-Natal,18,-29.511184,31.225519,https://www.google.com/maps/search/?api=1&query=-29.511184%2C31.225519
Zimbali Country Club,M4 Coastal Hwy,Ballito,Kwazulu-Natal,18,-29.547644,31.197643,https://www.google.com/maps/search/?api=1&query=-29.547644%2C31.197643
Zimbali Lakes Resort,500 Zimbali Lakes Resort,Ballito,Kwazulu-Natal,18,-29.55021,31.184526,https://www.google.com/maps/search/?api=1&query=-29.55021%2C31.184526
Amphitheatre Golf Course,Pvt Bag X1621,Bergville,Kwazulu-Natal,9,-28.658199,29.033831,https://www.google.com/maps/search/?api=1&query=-28.658199%2C29.033831
Cato Ridge Country Club,Chamberlain Street,Cato Ridge,Kwazulu-Natal,18,-29.738467,30.591195,https://www.google.com/maps/search/?api=1&query=-29.738467%2C30.591195
Creighton Golf Club,School Road,Creighton,Kwazulu-Natal,18,-30.025248,29.839057,https://www.google.com/maps/search/?api=1&query=-30.025248%2C29.839057
Noodsberg Country Club,"Pleasant Avenue, Noodsberg Village",Dalton,Kwazulu-Natal,18,-29.349501,30.689762,https://www.google.com/maps/search/?api=1&query=-29.349501%2C30.689762
Darnall Country Club,7 Park Drive,Darnall,Kwazulu-Natal,9,-29.266163,31.369357,https://www.google.com/maps/search/?api=1&query=-29.266163%2C31.369357
Cathedral Peak Hotel Golf Club,Winterton,Drakensberg,Kwazulu-Natal,18,-28.94383,29.209479,https://www.google.com/maps/search/?api=1&query=-28.94383%2C29.209479
Dundee Country Club,1 Tandy Street,Dundee,Kwazulu-Natal,18,-28.170061,30.221951,https://www.google.com/maps/search/?api=1&query=-28.170061%2C30.221951
Bluff National Park Golf Club,"100 Club Avenue, Bluff",Durban,Kwazulu-Natal,18,-29.923156,31.013166,https://www.google.com/maps/search/?api=1&query=-29.923156%2C31.013166
Camelot Country Club,"21 Wishart Road, Hillcrest",Durban,Kwazulu-Natal,18,-29.761213,30.77113,https://www.google.com/maps/search/?api=1&query=-29.761213%2C30.77113
Durban Country Club,101 Walter Gilbert Road,Durban,Kwazulu-Natal,18,-29.827867,31.034113,https://www.google.com/maps/search/?api=1&query=-29.827867%2C31.034113
Papwa Sewgolum Golf Club,"256 New Germany Road, Reservoir Hills",Durban,Kwazulu-Natal,18,-29.800864,30.966609,https://www.google.com/maps/search/?api=1&query=-29.800864%2C30.966609
Windsor Park Municipal Golf Course,NMR Avenue,Durban,Kwazulu-Natal,18,-29.816076,31.029633,https://www.google.com/maps/search/?api=1&query=-29.816076%2C31.029633
Beachwood Golf Club,"Beachwood Place, (Off Fairway Drive)",Durban North,Kwazulu-Natal,18,-29.778253,31.049773,https://www.google.com/maps/search/?api=1&query=-29.778253%2C31.049773
Empangeni Country Club,46 Pearce Crescent,Empangeni,Kwazulu-Natal,18,-28.746457,31.895885,https://www.google.com/maps/search/?api=1&query=-28.746457%2C31.895885
Eshowe Country Club,Eshowe Country Club,Eshowe,Kwazulu-Natal,18,-28.894398,31.475208,https://www.google.com/maps/search/?api=1&query=-28.894398%2C31.475208
Estcourt Golf Club,Louise Street,Estcourt,Kwazulu-Natal,18,-29.016609,29.880238,https://www.google.com/maps/search/?api=1&query=-29.016609%2C29.880238
Glencoe Correctional Services Golf Club,Glencoe Correctional Premises,Glencoe,Kwazulu-Natal,18,-28.156865,30.134833,https://www.google.com/maps/search/?api=1&query=-28.156865%2C30.134833
Greytown Country Club,3 Hallcar Street,Greytown,Kwazulu-Natal,18,-29.076047,30.592782,https://www.google.com/maps/search/?api=1&query=-29.076047%2C30.592782
Royal Durban Golf Club,16 Mitchell Crescent,Greyville,Kwazulu-Natal,18,-29.840363,31.016588,https://www.google.com/maps/search/?api=1&query=-29.840363%2C31.016588
Harding Municipal Golf Club,Shepstone Street,Harding,Kwazulu-Natal,18,-30.58098,29.886983,https://www.google.com/maps/search/?api=1&query=-30.58098%2C29.886983
Augusta Country Estate,88 ashley drive,Hillcrest,Kwazulu-Natal,18,-29.790974,30.785944,https://www.google.com/maps/search/?api=1&query=-29.790974%2C30.785944
Cotswold Downs Golf Course,Inanda Road,Hillcrest,Kwazulu-Natal,18,-29.756432,30.783134,https://www.google.com/maps/search/?api=1&query=-29.756432%2C30.783134
Sani Pass Golf Club,"Good Hope Farm, Sani Pass Road",Himeville,Kwazulu-Natal,9,-29.654803,29.440656,https://www.google.com/maps/search/?api=1&query=-29.654803%2C29.440656
Amorello Bush Golf Lodge,R22 Sodwana Rd,Hluluwe,Kwazulu-Natal,9,-27.898076,32.360083,https://www.google.com/maps/search/?api=1&query=-27.898076%2C32.360083
Howick Golf Club,357 Main Road,Howick,Kwazulu-Natal,18,-29.498076,30.232723,https://www.google.com/maps/search/?api=1&query=-29.498076%2C30.232723
Sakabula Golf Club,"Sakabula Country Estate, Merrivale",Howick,Kwazulu-Natal,18,-29.530263,30.228882,https://www.google.com/maps/search/?api=1&query=-29.530263%2C30.228882
Ixopo Golf Club,Stewarts Drive,Ixopo,Kwazulu-Natal,18,-30.149724,30.060074,https://www.google.com/maps/search/?api=1&query=-30.149724%2C30.060074
Glengarry Kamberg,"Glengarry, 1 Highmoor Rd",Kamberg,Kwazulu-Natal,9,-29.324148,29.713852,https://www.google.com/maps/search/?api=1&query=-29.324148%2C29.713852
Kloof Country Club,26 Victoria Road,Kloof,Kwazulu-Natal,18,-29.795887,30.824375,https://www.google.com/maps/search/?api=1&query=-29.795887%2C30.824375
Kokstad Golf Club,107 Elliot Street,Kokstad,Kwazulu-Natal,18,-30.542134,29.407958,https://www.google.com/maps/search/?api=1&query=-30.542134%2C29.407958
St. Cathryn's Golf Estate,R74,Kranskop,Kwazulu-Natal,18,-28.980737,30.816325,https://www.google.com/maps/search/?api=1&query=-28.980737%2C30.816325
Kwambonambi Golf Club,Bridilla Street,Kwambonambi,Kwazulu-Natal,18,-28.600373,32.079134,https://www.google.com/maps/search/?api=1&query=-28.600373%2C32.079134
Ladysmith Country Club,28 Reservoir Road,Ladysmith,Kwazulu-Natal,18,-28.547115,29.770997,https://www.google.com/maps/search/?api=1&query=-28.547115%2C29.770997
Mandini Golf Club,Talbot Road,Mandini,Kwazulu-Natal,9,-29.161727,31.411114,https://www.google.com/maps/search/?api=1&query=-29.161727%2C31.411114
Margate Country Club,"Wingate Street, Gaybridge",Margate,Kwazulu-Natal,18,-30.838387,30.364366,https://www.google.com/maps/search/?api=1&query=-30.838387%2C30.364366
Melmoth Golf Club,Golf Street,Melmoth,Kwazulu-Natal,9,-28.588357,31.390429,https://www.google.com/maps/search/?api=1&query=-28.588357%2C31.390429
Mooi River Country Club,Cnr Park and East End Roads,Mooi River,Kwazulu-Natal,18,-29.202681,30.009964,https://www.google.com/maps/search/?api=1&query=-29.202681%2C30.009964
Mount Edgecombe Country Club ~ The Lakes (Course Two),Gate 2 Eastcourse Dr.,Mount Edgecombe,Kwazulu-Natal,18,-29.715482,31.04557,https://www.google.com/maps/search/?api=1&query=-29.715482%2C31.04557
Mount Edgecombe Country Club ~ The Woods (Course One),Gate 2 Eastcourse Dr.,Mount Edgecombe,Kwazulu-Natal,18,-29.715482,31.04557,https://www.google.com/maps/search/?api=1&query=-29.715482%2C31.04557
Monzi Golf Club,"Main Road, Monzi",Mtubatuba,Kwazulu-Natal,18,-28.432767,32.298431,https://www.google.com/maps/search/?api=1&query=-28.432767%2C32.298431
Umfolozi Golf Club,Riverview Road,Mtubatuba,Kwazulu-Natal,18,-28.440602,32.176126,https://www.google.com/maps/search/?api=1&query=-28.440602%2C32.176126
Mtunzini Country Club ~ 18 Hole,Hely Hutchinson Street,Mtunzini,Kwazulu-Natal,18,-28.944764,31.760393,https://www.google.com/maps/search/?api=1&query=-28.944764%2C31.760393
Mtunzini Country Club ~ 9 Hole,Hely Hutchinson Street,Mtunzini,Kwazulu-Natal,9,-28.944764,31.760393,https://www.google.com/maps/search/?api=1&query=-28.944764%2C31.760393
Kilbarchan Golf Course,Kilbarchan,Newcastle,Kwazulu-Natal,18,-27.841202,29.9695,https://www.google.com/maps/search/?api=1&query=-27.841202%2C29.9695
Newcastle Golf Course,22 FW Beyers Avenue,Newcastle,Kwazulu-Natal,18,-27.741401,29.950383,https://www.google.com/maps/search/?api=1&query=-27.741401%2C29.950383
Vulintaba Country Estate,,Newcastle,Kwazulu-Natal,18,-27.775765,29.782236,https://www.google.com/maps/search/?api=1&query=-27.775765%2C29.782236
Gowrie Farm Golf Course,Old Main Road,Nottingham Road,Kwazulu-Natal,18,-29.362606,30.003023,https://www.google.com/maps/search/?api=1&query=-29.362606%2C30.003023
Paulpietersburg Country Club,High Street,Paulpietersburg,Kwazulu-Natal,9,-27.428731,30.822223,https://www.google.com/maps/search/?api=1&query=-27.428731%2C30.822223
Selborne Country Club,Old Main Road,Pennington,Kwazulu-Natal,18,-30.376185,30.678216,https://www.google.com/maps/search/?api=1&query=-30.376185%2C30.678216
Umdoni Park Golf Course,Minerva Road,Pennington,Kwazulu-Natal,18,-30.392325,30.689471,https://www.google.com/maps/search/?api=1&query=-30.392325%2C30.689471
Maritzburg Golf Club,"New England Road, Hayfields",Pietermaritzburg,Kwazulu-Natal,18,-29.613048,30.414006,https://www.google.com/maps/search/?api=1&query=-29.613048%2C30.414006
Victoria Country Club,"Duncan Mackenzie Drive, Montrose",Pietermaritzburg,Kwazulu-Natal,18,-29.57629,30.334196,https://www.google.com/maps/search/?api=1&query=-29.57629%2C30.334196
Pongola Golf Club,Cnr Klasie Havenga/ Hans Strydom Steets,Pongola,Kwazulu-Natal,9,-27.375956,31.617451,https://www.google.com/maps/search/?api=1&query=-27.375956%2C31.617451
Port Edward Country Club,Golf Course Road,Port Edward,Kwazulu-Natal,18,-31.053583,30.219911,https://www.google.com/maps/search/?api=1&query=-31.053583%2C30.219911
Port Shepstone Country Club,"Marine Drive, Umtentweni",Port Shepstone,Kwazulu-Natal,18,-30.730614,30.456311,https://www.google.com/maps/search/?api=1&query=-30.730614%2C30.456311
Amanzimtoti Country Club,1 Golf Course Road,Prospecton,Kwazulu-Natal,18,-30.011286,30.931737,https://www.google.com/maps/search/?api=1&query=-30.011286%2C30.931737
Richards Bay Country Club,"Kurperkurwe Street, Meerensee",Richards Bay,Kwazulu-Natal,18,-28.767207,32.110119,https://www.google.com/maps/search/?api=1&query=-28.767207%2C32.110119
Richmond Country Club,Pietermaritzburg/Ixopo Road (R56),Richmond,Kwazulu-Natal,18,-29.890816,30.279801,https://www.google.com/maps/search/?api=1&query=-29.890816%2C30.279801
Scottburgh Golf Course,cnr Taylor St / Williamson St,Scottburgh,Kwazulu-Natal,18,-30.290597,30.751062,https://www.google.com/maps/search/?api=1&query=-30.290597%2C30.751062
San Lameer Country Club,"Main Road, Lower South Coast",Southbroom,Kwazulu-Natal,18,-30.940268,30.292096,https://www.google.com/maps/search/?api=1&query=-30.940268%2C30.292096
Southbroom Golf Club,301 Captain Smith Road,Southbroom,Kwazulu-Natal,18,-30.917909,30.32218,https://www.google.com/maps/search/?api=1&query=-30.917909%2C30.32218
Prince's Grant Coastal Golf Estate,1 Babu Bodasing Avenue,Stanger,Kwazulu-Natal,18,-29.336894,31.366984,https://www.google.com/maps/search/?api=1&query=-29.336894%2C31.366984
Maidstone Golf Club,"Main Road, Maidstone Village",Tongaat,Kwazulu-Natal,18,-29.548373,31.130941,https://www.google.com/maps/search/?api=1&query=-29.548373%2C31.130941
Umhlali Golf Estate & Country Club,Compensation Road,Umhlali,Kwazulu-Natal,18,-29.511209,31.197116,https://www.google.com/maps/search/?api=1&query=-29.511209%2C31.197116
Umkomaas Golf Club,Moodie Street,Umkomaas,Kwazulu-Natal,18,-30.208788,30.795622,https://www.google.com/maps/search/?api=1&query=-30.208788%2C30.795622
Drakensberg Gardens Golf Club,Drakensberg Gardens Rd,Underberg,Kwazulu-Natal,18,-29.757501,29.226576,https://www.google.com/maps/search/?api=1&query=-29.757501%2C29.226576
Underberg Country Club,Main Road,Underberg,Kwazulu-Natal,18,-29.788441,29.493032,https://www.google.com/maps/search/?api=1&query=-29.788441%2C29.493032
Utrecht Golf Course,Balgray Road,Utrecht,Kwazulu-Natal,18,-27.641185,30.337613,https://www.google.com/maps/search/?api=1&query=-27.641185%2C30.337613
Vryheid Golf Club,1 President Street,Vryheid,Kwazulu-Natal,18,-27.780025,30.795021,https://www.google.com/maps/search/?api=1&query=-27.780025%2C30.795021
Champagne Sports Resort,"R600 Winterton, Champagne Valley",Winterton,Kwazulu-Natal,18,-29.001632,29.467692,https://www.google.com/maps/search/?api=1&query=-29.001632%2C29.467692
Monks Cowl Country Club,"R600, Champagne Valley",Winterton,Kwazulu-Natal,9,-29.010824,29.470451,https://www.google.com/maps/search/?api=1&query=-29.010824%2C29.470451
Amandelbult Golf Club,Thabazimbi Main Road,Amandelbult,Limpopo,18,-24.813427,27.29795,https://www.google.com/maps/search/?api=1&query=-24.813427%2C27.29795
Elements Private Golf Reserve,,Bela Bela,Limpopo,18,-24.799393,28.130809,https://www.google.com/maps/search/?api=1&query=-24.799393%2C28.130809
Drakensig Golf Course,"MEC Sports Club, Drakensig",Hoedspruit,Limpopo,9,-24.346517,30.93224,https://www.google.com/maps/search/?api=1&query=-24.346517%2C30.93224
Mogol Golf Club,George Wells Street,Lephalale,Limpopo,18,-23.686223,27.69531,https://www.google.com/maps/search/?api=1&query=-23.686223%2C27.69531
Orangedene Golf Course,"Letaba Citrus Estate, Orangedene",Letaba,Limpopo,9,-23.874138,30.299121,https://www.google.com/maps/search/?api=1&query=-23.874138%2C30.299121
Zebula Golf Estate & Spa,35 km west of Warmbaths – across from Mabula Lodge Gate,Mabula,Limpopo,18,-24.749123,27.960155,https://www.google.com/maps/search/?api=1&query=-24.749123%2C27.960155
Soutpansberg Golf Club,Cnr. Hospital and Ruh Streets,Makhado,Limpopo,18,-23.031614,29.905086,https://www.google.com/maps/search/?api=1&query=-23.031614%2C29.905086
Marble Hall Golf Club,Toitskraal and Main Road,Marble Hall,Limpopo,18,-25.000277,29.274385,https://www.google.com/maps/search/?api=1&query=-25.000277%2C29.274385
Koro Creek Golf Estate,Church Street,Modimolle,Limpopo,18,-24.697502,28.385732,https://www.google.com/maps/search/?api=1&query=-24.697502%2C28.385732
Kameeldoring Country Club,H.F Verwoerd,Mokopane,Limpopo,18,-24.211056,28.989379,https://www.google.com/maps/search/?api=1&query=-24.211056%2C28.989379
Legend Golf & Safari Resort,Entabeni Safari Conservancy,Mokopane,Limpopo,18,-24.195227,28.720853,https://www.google.com/maps/search/?api=1&query=-24.195227%2C28.720853
Messina Golf Club,Limpopo Avenue,Musina,Limpopo,18,-22.3422,30.045462,https://www.google.com/maps/search/?api=1&query=-22.3422%2C30.045462
Euphoria Golf Estate,R101,Naboomspruit,Limpopo,18,-24.547181,28.6441,https://www.google.com/maps/search/?api=1&query=-24.547181%2C28.6441
Naboomspruit Golf Club,Louis Trichardt Street,Naboomspruit,Limpopo,9,-24.509811,28.70513,https://www.google.com/maps/search/?api=1&query=-24.509811%2C28.70513
Hans Merensky Golf Course,Club Road,Phalaborwa,Limpopo,18,-23.963127,31.166525,https://www.google.com/maps/search/?api=1&query=-23.963127%2C31.166525
Polokwane Golf Club,Voortrekker Street,Polokwane,Limpopo,18,-23.922858,29.460225,https://www.google.com/maps/search/?api=1&query=-23.922858%2C29.460225
Rooiberg Golf Club,Off Warmbaths Road,Rooiberg,Limpopo,18,-24.776874,27.745929,https://www.google.com/maps/search/?api=1&query=-24.776874%2C27.745929
University of the North Golf Club,Mankweng,Sovenga,Limpopo,9,-23.894989,29.738854,https://www.google.com/maps/search/?api=1&query=-23.894989%2C29.738854
Swartklip Golf Club,Located in Bierspruit near the dam,Swartklip,Limpopo,9,-24.907512,27.139976,https://www.google.com/maps/search/?api=1&query=-24.907512%2C27.139976
Sesambos Golf Course,Redbaan Game Farm,Swartwater,Limpopo,18,-22.791292,28.120097,https://www.google.com/maps/search/?api=1&query=-22.791292%2C28.120097
Thabazimbi Golf Course,"Rustenburg/Thabazimbi Road (R510), Ben Alberts Reserve",Thabazimbi,Limpopo,18,-24.633286,27.371945,https://www.google.com/maps/search/?api=1&query=-24.633286%2C27.371945
Fairview Par 3 Golf Course,Old Gravelotte Rd,Tzaneen,Limpopo,18,-23.821321,30.171521,https://www.google.com/maps/search/?api=1&query=-23.821321%2C30.171521
Tzaneen Country Club,Duiwelskloof,Tzaneen,Limpopo,18,-23.74727,30.110114,https://www.google.com/maps/search/?api=1&query=-23.74727%2C30.110114
Zebediela Country Club,Zebediela Citrus Estates,Zebediela,Limpopo,9,-24.288754,29.30161,https://www.google.com/maps/search/?api=1&query=-24.288754%2C29.30161
Amersfoort Golf Club,South Street,Amersfoort,Mpumalanga,9,-27.01699,29.864745,https://www.google.com/maps/search/?api=1&query=-27.01699%2C29.864745
Badplaas Golf Course,Carolina Main Road,Badplaas,Mpumalanga,18,-25.936317,30.520771,https://www.google.com/maps/search/?api=1&query=-25.936317%2C30.520771
Barberton Golf Club,De Villiers Street,Barberton,Mpumalanga,18,-25.792336,31.040754,https://www.google.com/maps/search/?api=1&query=-25.792336%2C31.040754
Belfast Golf Club,Vermooten Street,Belfast,Mpumalanga,9,-25.698631,30.048273,https://www.google.com/maps/search/?api=1&query=-25.698631%2C30.048273
Bethal Golf Club,Hendrik Joubert Park,Bethal,Mpumalanga,9,-26.464198,29.475417,https://www.google.com/maps/search/?api=1&query=-26.464198%2C29.475417
Carolina Golf Course ~ 18 Holes,35 Duvenhage Street,Carolina,Mpumalanga,18,-26.067665,30.104397,https://www.google.com/maps/search/?api=1&query=-26.067665%2C30.104397
Carolina Golf Course ~ 9 Hole,35 Duvenhage Street,Carolina,Mpumalanga,9,-26.067665,30.104397,https://www.google.com/maps/search/?api=1&query=-26.067665%2C30.104397
Tweefontein Golf Club,"Witbank/Ogies Roads, Tweefontein Collieries",Coalville,Mpumalanga,18,-26.026032,29.173036,https://www.google.com/maps/search/?api=1&query=-26.026032%2C29.173036
Delmas Golf Club,"Van Der Walt Street, Leeuwpoort",Delmas,Mpumalanga,9,-26.142257,28.681464,https://www.google.com/maps/search/?api=1&query=-26.142257%2C28.681464
Highland Gate Golf & Trout Estate,Kruisfontein Road,Dullstroom,Mpumalanga,18,-25.444,30.204282,https://www.google.com/maps/search/?api=1&query=-25.444%2C30.204282
Diepgezet Golf Course,,Ekulindeni,Mpumalanga,9,-26.00318,31.07234,https://www.google.com/maps/search/?api=1&query=-26.00318%2C31.07234
Ermelo Country Club,Hendrina Road,Ermelo,Mpumalanga,18,-26.469753,29.961138,https://www.google.com/maps/search/?api=1&query=-26.469753%2C29.961138
Walker Park Golf Club,Standerton Road,Evander,Mpumalanga,18,-26.487436,29.10126,https://www.google.com/maps/search/?api=1&query=-26.487436%2C29.10126
Groblersdal Golf Club,Middelburg Road,Groblersdal,Mpumalanga,18,-25.177767,29.404693,https://www.google.com/maps/search/?api=1&query=-25.177767%2C29.404693
Kruger Park Lodge Golf Course,9 Kruger Road,Hazyview,Mpumalanga,9,-25.033953,31.141307,https://www.google.com/maps/search/?api=1&query=-25.033953%2C31.141307
Lions Rock Golf Course,Hazyview Sabie Road,Hazyview,Mpumalanga,9,-25.035825,31.063757,https://www.google.com/maps/search/?api=1&query=-25.035825%2C31.063757
Sabie River Sun Golf Course,Sabie Road,Hazyview,Mpumalanga,18,-25.034834,31.11316,https://www.google.com/maps/search/?api=1&query=-25.034834%2C31.11316
Kinross Golf Club,Spitz Street,Kinross,Mpumalanga,18,-26.41569,29.108289,https://www.google.com/maps/search/?api=1&query=-26.41569%2C29.108289
Kambaku Golf Club,33 Rissik Street,Komatipoort,Mpumalanga,18,-25.437522,31.972328,https://www.google.com/maps/search/?api=1&query=-25.437522%2C31.972328
Kriel Golf Club,Bethal Main Road,Kriel,Mpumalanga,9,-26.255157,29.1996,https://www.google.com/maps/search/?api=1&query=-26.255157%2C29.1996
Kranspoort Golf Club,N11,Loskop Valley,Mpumalanga,9,-25.438092,29.420807,https://www.google.com/maps/search/?api=1&query=-25.438092%2C29.420807
Lydenburg Golf Club ~ 18 Hole,Buhrman Street,Lydenburg,Mpumalanga,18,-25.092452,30.461783,https://www.google.com/maps/search/?api=1&query=-25.092452%2C30.461783
Lydenburg Golf Club ~ 9 Hole,Buhrman Street,Lydenburg,Mpumalanga,9,-25.092452,30.461783,https://www.google.com/maps/search/?api=1&query=-25.092452%2C30.461783
Leopard Creek Country Club,Malelane Gate,Malelane,Mpumalanga,18,-25.441748,31.534459,https://www.google.com/maps/search/?api=1&query=-25.441748%2C31.534459
Leopard Creek Country Club ~ Par 3,Malelane Gate,Malelane,Mpumalanga,9,-25.441748,31.534459,https://www.google.com/maps/search/?api=1&query=-25.441748%2C31.534459
Malelane Golf Club,R570 to Kruger National Park,Malelane,Mpumalanga,9,-25.465794,31.54192,https://www.google.com/maps/search/?api=1&query=-25.465794%2C31.54192
Bank Golf Club,Bank Colliery,Middelburg,Mpumalanga,18,-25.970004,29.463658,https://www.google.com/maps/search/?api=1&query=-25.970004%2C29.463658
Middelburg Country Club,"10 Eeufees Street, Clubville",Middelburg,Mpumalanga,18,-25.775578,29.444132,https://www.google.com/maps/search/?api=1&query=-25.775578%2C29.444132
Morgenzon Golf Club,Beyer Street,Morgenzon,Mpumalanga,9,-26.73229,29.613175,https://www.google.com/maps/search/?api=1&query=-26.73229%2C29.613175
Nelspruit Golf Club,"Mantumi Golf Estate, Wilhelm Street",Nelspruit,Mpumalanga,18,-25.483861,30.995715,https://www.google.com/maps/search/?api=1&query=-25.483861%2C30.995715
Piet Retief Country Club,Cnr Westend and Brand Streets,Piet Retief,Mpumalanga,9,-27.010961,30.799677,https://www.google.com/maps/search/?api=1&query=-27.010961%2C30.799677
Pilgrims Rest Golf Club,Lydenburg Road,Pilgrimsrest,Mpumalanga,18,-24.885287,30.740991,https://www.google.com/maps/search/?api=1&query=-24.885287%2C30.740991
Arnot Golf Club,"N4 to Nelspruit, Arnot Power Station",Rietkuil,Mpumalanga,9,-25.940137,29.81226,https://www.google.com/maps/search/?api=1&query=-25.940137%2C29.81226
Sabie Country Club,Lydenburg Road,Sabie,Mpumalanga,9,-25.103953,30.777962,https://www.google.com/maps/search/?api=1&query=-25.103953%2C30.777962
Graceland Country Club,Embalenhle Road,Secunda,Mpumalanga,18,-26.512971,29.162049,https://www.google.com/maps/search/?api=1&query=-26.512971%2C29.162049
Skukuza Golf Club,Kruger National Park,Skukuza,Mpumalanga,18,-24.98379,31.576681,https://www.google.com/maps/search/?api=1&query=-24.98379%2C31.576681
Standerton Country Club,Peter Bailey Boulevard,Standerton,Mpumalanga,18,-26.947053,29.254351,https://www.google.com/maps/search/?api=1&query=-26.947053%2C29.254351
Chrome Golf Club,"Stoffberg Steelport Road, Chrome Club",Steelport,Mpumalanga,18,-24.795318,30.166037,https://www.google.com/maps/search/?api=1&query=-24.795318%2C30.166037
Volksrust Golf Club,1 South Street,Volksrust,Mpumalanga,18,-27.373574,29.873972,https://www.google.com/maps/search/?api=1&query=-27.373574%2C29.873972
White River Country Club,"Vintage Drive, Off the R40",White River,Mpumalanga,18,-25.284927,31.010177,https://www.google.com/maps/search/?api=1&query=-25.284927%2C31.010177
Bankenveld Golf Club,69 Steenberg,Witbank,Mpumalanga,18,-25.90506,29.282653,https://www.google.com/maps/search/?api=1&query=-25.90506%2C29.282653
Greenside Colliery Golf Club,"Greenside Colliery, Blackhill",Witbank,Mpumalanga,18,-25.961637,29.174967,https://www.google.com/maps/search/?api=1&query=-25.961637%2C29.174967
Landau Colliery Golf Club,Landau Colliery,Witbank,Mpumalanga,9,-25.948205,29.209814,https://www.google.com/maps/search/?api=1&query=-25.948205%2C29.209814
Witbank Golf Club,Lukin Street,Witbank,Mpumalanga,18,-25.882115,29.216788,https://www.google.com/maps/search/?api=1&query=-25.882115%2C29.216788
Bloemhof Golf Course,Christiana Road,Bloemhof,North West,18,-27.652245,25.595505,https://www.google.com/maps/search/?api=1&query=-27.652245%2C25.595505
Seasons Eco Golf Estate,"Farm Hertebusfontein, Old Rustenburg Road",Brits,North West,18,-25.701592,27.849827,https://www.google.com/maps/search/?api=1&query=-25.701592%2C27.849827
Western Deep Levels Mashie Golf Club,Merafong City Rural,Carletonville,North West,9,-26.423771,27.429857,https://www.google.com/maps/search/?api=1&query=-26.423771%2C27.429857
Christiana Golf Club,Jan Kemp Road,Christiana,North West,18,-27.900317,25.150752,https://www.google.com/maps/search/?api=1&query=-27.900317%2C25.150752
Delareyville Golf Course,"The Farm, Soutpan",Delareyville,North West,18,-26.696842,25.477338,https://www.google.com/maps/search/?api=1&query=-26.696842%2C25.477338
Arrow Rest Mashie Course,R512,Hartbeespoort,North West,18,-25.77723,27.828229,https://www.google.com/maps/search/?api=1&query=-25.77723%2C27.828229
The Islands Estate Mashie Course,"R512, The Islands Estate",Hartbeespoort,North West,9,-25.76499,27.847628,https://www.google.com/maps/search/?api=1&query=-25.76499%2C27.847628
Pecanwood Golf & Country Club,"R512, Provincial Road",Hartebeespoort,North West,18,-25.77163,27.853475,https://www.google.com/maps/search/?api=1&query=-25.77163%2C27.853475
Sandy Lane Golf Club,"Caribbean Beach Club, Kosmos",Hartebeespoort,North West,18,-25.749035,27.828519,https://www.google.com/maps/search/?api=1&query=-25.749035%2C27.828519
Klerksdorp Golf Club,Cnr Boet Randalls and Trens Erasmus Streets,Klerksdorp,North West,18,-26.878223,26.65839,https://www.google.com/maps/search/?api=1&query=-26.878223%2C26.65839
Koster Golf Course,Petisie Street,Koster,North West,9,-25.872481,26.895282,https://www.google.com/maps/search/?api=1&query=-25.872481%2C26.895282
Millvale Golf Course,Millvale Road,Kosterdam,North West,18,-25.693291,26.910949,https://www.google.com/maps/search/?api=1&query=-25.693291%2C26.910949
Leeudoringstad Golf Course,East Street,Leeudoringstad,North West,18,-27.235923,26.240544,https://www.google.com/maps/search/?api=1&query=-27.235923%2C26.240544
Lichtenburg Golf Club,Colingy Road,Lichtenburg,North West,18,-26.184535,26.177392,https://www.google.com/maps/search/?api=1&query=-26.184535%2C26.177392
Leopard Park Golf Club,Nelson Mandela Drive,Mmabatho,North West,18,-25.812442,25.637262,https://www.google.com/maps/search/?api=1&query=-25.812442%2C25.637262
Mooi Nooi Golf Club,Wilkinson Ave (old Hartebeespoort Road),Mooi Nooi,North West,18,-25.752296,27.563925,https://www.google.com/maps/search/?api=1&query=-25.752296%2C27.563925
Orkney Golf Course,1 Scott Avenue,Orkney,North West,18,-26.99476,26.676307,https://www.google.com/maps/search/?api=1&query=-26.99476%2C26.676307
Ottosdal Country Club,Main Road,Ottosdal,North West,9,-26.815775,26.014962,https://www.google.com/maps/search/?api=1&query=-26.815775%2C26.014962
Lost City Golf Course,Sun City,Pilansberg,North West,18,-25.339322,27.090375,https://www.google.com/maps/search/?api=1&query=-25.339322%2C27.090375
Landbou Golf Club ~ 18 Hole,Botha Street,Potchefstroom,North West,18,-26.731387,27.070561,https://www.google.com/maps/search/?api=1&query=-26.731387%2C27.070561
Landbou Golf Club ~ 9 Hole,Botha Street,Potchefstroom,North West,9,-26.731387,27.070561,https://www.google.com/maps/search/?api=1&query=-26.731387%2C27.070561
Potchefstroom Country Club,Mooi River Drive,Potchefstroom,North West,18,-26.720056,27.105984,https://www.google.com/maps/search/?api=1&query=-26.720056%2C27.105984
Reivilo Golf Club,Voortrekker Street,Reivilo,North West,18,-27.554204,24.183011,https://www.google.com/maps/search/?api=1&query=-27.554204%2C24.183011
Hunters Rest Golf Course,R24 Main,Rustenburg,North West,9,-25.778947,27.261178,https://www.google.com/maps/search/?api=1&query=-25.778947%2C27.261178
Rustenburg Golf Club,Bethlehem Drive,Rustenburg,North West,18,-25.668998,27.228692,https://www.google.com/maps/search/?api=1&query=-25.668998%2C27.228692
Sannieshof Golf Course,35 Spoor Street,Sannieshof,North West,18,-26.529647,25.804743,https://www.google.com/maps/search/?api=1&query=-26.529647%2C25.804743
Schweizer-Reneke Golf Club,4 Olivier Street,Schweizer Reineke,North West,18,-27.18472,25.319699,https://www.google.com/maps/search/?api=1&query=-27.18472%2C25.319699
Magalies Park Golf Club,Main Skeerpoort Road,Skeerpoort,North West,18,-25.750986,27.781156,https://www.google.com/maps/search/?api=1&query=-25.750986%2C27.781156
Stella Golf Club,Stella Street,Stella,North West,9,-26.545398,24.859795,https://www.google.com/maps/search/?api=1&query=-26.545398%2C24.859795
Stilfontein Golf Course,Potchefstroom Highway,Stilfontein,North West,18,-26.825051,26.823227,https://www.google.com/maps/search/?api=1&query=-26.825051%2C26.823227
Gary Player Country Club,North West Province,Sun City,North West,18,-25.345759,27.098594,https://www.google.com/maps/search/?api=1&query=-25.345759%2C27.098594
Village Mashie Club,Vaalriver Village,Vaal Reef,North West,18,-26.930272,26.742478,https://www.google.com/maps/search/?api=1&query=-26.930272%2C26.742478
Ventersdorp Golf Club,Voortrekker Street,Ventersdorp,North West,18,-26.324361,26.827777,https://www.google.com/maps/search/?api=1&query=-26.324361%2C26.827777
Vryburg Golf Club,De Kock Street,Vryburg,North West,18,-26.96399,24.726233,https://www.google.com/maps/search/?api=1&query=-26.96399%2C24.726233
Wolmeransstad Country Club,Union Street,Wolmaransstad,North West,18,-27.210882,25.983782,https://www.google.com/maps/search/?api=1&query=-27.210882%2C25.983782
Zeerust Country Club,"2nd Street, Shalimar Park",Zeerust,North West,9,-25.549929,26.069891,https://www.google.com/maps/search/?api=1&query=-25.549929%2C26.069891
Black Mountain Golf Course ~ 18 Hole,Penge Road,Aggeneys,Northern Cape,18,-29.261412,18.823801,https://www.google.com/maps/search/?api=1&query=-29.261412%2C18.823801
Black Mountain Golf Course ~ 9 Hole,Penge Road,Aggeneys,Northern Cape,9,-29.261412,18.823801,https://www.google.com/maps/search/?api=1&query=-29.261412%2C18.823801
Alexander Bay Golf Club,Alexander Bay,Alexander Bay,Northern Cape,9,-28.599746,16.488916,https://www.google.com/maps/search/?api=1&query=-28.599746%2C16.488916
Calvinia Golf Course,Nieuwoudtville Road,Calvinia,Northern Cape,18,-31.481558,19.75843,https://www.google.com/maps/search/?api=1&query=-31.481558%2C19.75843
Carnarvon Golf Club,Loxton Rd,Carnarvon,Northern Cape,18,-30.972906,22.124316,https://www.google.com/maps/search/?api=1&query=-30.972906%2C22.124316
Colesberg Golf Club,Off the N1,Colesberg,Northern Cape,9,-30.735141,25.08379,https://www.google.com/maps/search/?api=1&query=-30.735141%2C25.08379
De Aar Golf Club ~ 18 Hole,Witplaas,De Aar,Northern Cape,18,-30.668482,23.994852,https://www.google.com/maps/search/?api=1&query=-30.668482%2C23.994852
De Aar Golf Club ~ 9 Hole,Witplaas,De Aar,Northern Cape,9,-30.668482,23.994852,https://www.google.com/maps/search/?api=1&query=-30.668482%2C23.994852
Douglas Golf Club ~ 18 Hole,Niekerkhoop Road,Douglas,Northern Cape,18,-29.056271,23.760141,https://www.google.com/maps/search/?api=1&query=-29.056271%2C23.760141
Douglas Golf Club ~ 9 Hole,Niekerkhoop Road,Douglas,Northern Cape,9,-29.056271,23.760141,https://www.google.com/maps/search/?api=1&query=-29.056271%2C23.760141
Hartswater Golf Club,Christiana Street,Hartswater,Northern Cape,18,-27.754126,24.821227,https://www.google.com/maps/search/?api=1&query=-27.754126%2C24.821227
Hopetown Golf Club,2 Queen Street,Hopetown,Northern Cape,18,-29.627031,24.12198,https://www.google.com/maps/search/?api=1&query=-29.627031%2C24.12198
Hotazel Golf Club,Dyason Road,Hotazel,Northern Cape,9,-27.200553,22.953386,https://www.google.com/maps/search/?api=1&query=-27.200553%2C22.953386
Jan Kempdorp Golf Club,Van Riebeeck Avenue,Jan Kempdorp,Northern Cape,18,-27.912592,24.852395,https://www.google.com/maps/search/?api=1&query=-27.912592%2C24.852395
Kakamas Golf Club,Neilersdrift Road,Kakamas,Northern Cape,18,-28.795595,20.651786,https://www.google.com/maps/search/?api=1&query=-28.795595%2C20.651786
Sishen Golf Club,Hans Coetzee Drive,Kathu,Northern Cape,18,-27.688959,23.059723,https://www.google.com/maps/search/?api=1&query=-27.688959%2C23.059723
Keimoes Golf Club,P.O.Box 272,Keimoes,Northern Cape,9,-28.692527,20.970226,https://www.google.com/maps/search/?api=1&query=-28.692527%2C20.970226
Correctional Services Golf Course,"Training College, Kroonstad Correctional Services",Kimberley,Northern Cape,6,-28.741522,24.71868,https://www.google.com/maps/search/?api=1&query=-28.741522%2C24.71868
Kimberley Golf Club,"Transvaal Road, Kamfersdam",Kimberley,Northern Cape,18,-28.69379,24.775614,https://www.google.com/maps/search/?api=1&query=-28.69379%2C24.775614
Kleinzee Golf Course,Dyason Road,Kleinzee,Northern Cape,9,-29.677953,17.059469,https://www.google.com/maps/search/?api=1&query=-29.677953%2C17.059469
Kuruman Country Club,Vryburg/Kuruman Road,Kuruman,Northern Cape,18,-27.471356,23.457999,https://www.google.com/maps/search/?api=1&query=-27.471356%2C23.457999
Lime Acres Golf Course,Central Road,Lime Acres,Northern Cape,18,-28.37375,23.458128,https://www.google.com/maps/search/?api=1&query=-28.37375%2C23.458128
Loeriesfontein Golf Club,Golf Club,Loeriesfontein,Northern Cape,9,-30.973882,19.450082,https://www.google.com/maps/search/?api=1&query=-30.973882%2C19.450082
Magersfontein Memorial Golf Course,3 Oak Farms,Modder River,Northern Cape,18,-29.023564,24.651136,https://www.google.com/maps/search/?api=1&query=-29.023564%2C24.651136
Prieska Golf Club,8 Stewart Street,Prieska,Northern Cape,9,-29.664802,22.754403,https://www.google.com/maps/search/?api=1&query=-29.664802%2C22.754403
Richmond Golf Club,Pietermaritzburg/ixopo Road (r56),Richmond,Northern Cape,9,-31.419506,23.939418,https://www.google.com/maps/search/?api=1&query=-31.419506%2C23.939418
Springbok Golf Club,Airport Road,Springbok,Northern Cape,18,-29.687127,17.907251,https://www.google.com/maps/search/?api=1&query=-29.687127%2C17.907251
Sutherland Golf Club,Piet Retief Street,Sutherland,Northern Cape,9,-32.404325,20.658846,https://www.google.com/maps/search/?api=1&query=-32.404325%2C20.658846
Ulco Golf Course,Main Road,Ulco,Northern Cape,9,-28.331345,24.225112,https://www.google.com/maps/search/?api=1&query=-28.331345%2C24.225112
Upington Golf Club,N14 (Olifantshoek Road),Upington,Northern Cape,18,-28.426974,21.299658,https://www.google.com/maps/search/?api=1&query=-28.426974%2C21.299658
Victoria West Golf Club,3 Market St,Victoria West,Northern Cape,18,-31.40224,23.129918,https://www.google.com/maps/search/?api=1&query=-31.40224%2C23.129918
Williston Golf Club,De Wet Street,Williston,Northern Cape,9,-31.336629,20.906531,https://www.google.com/maps/search/?api=1&query=-31.336629%2C20.906531
Albertinia Golf Course,Centre Brak and Golf Street,Albertinia,Western Cape,18,-34.201877,21.581805,https://www.google.com/maps/search/?api=1&query=-34.201877%2C21.581805
Beaufort West Golf Club,North End,Beaufort West,Western Cape,9,-32.341936,22.577257,https://www.google.com/maps/search/?api=1&query=-32.341936%2C22.577257
Three Chameleons Short Golf Course,"209 Modder Rivier, R404",Blanco,Western Cape,9,-33.97644,22.387371,https://www.google.com/maps/search/?api=1&query=-33.97644%2C22.387371
Bonnievale Golf Course,Voortrekker Road,Bonnievale,Western Cape,18,-33.928749,20.100685,https://www.google.com/maps/search/?api=1&query=-33.928749%2C20.100685
Bredasdorp Golf Club,Recreation Street,Bredasdorp,Western Cape,9,-34.543462,20.04801,https://www.google.com/maps/search/?api=1&query=-34.543462%2C20.04801
Caledon Golf Club,Ian Toerien Street,Caledon,Western Cape,9,-34.235287,19.433699,https://www.google.com/maps/search/?api=1&query=-34.235287%2C19.433699
Clovelly Country Club,"177 Clovelly Road, Clovelly",Cape Town,Western Cape,18,-34.122665,18.42818,https://www.google.com/maps/search/?api=1&query=-34.122665%2C18.42818
Durbanville Golf Club,"Sport Road, Durbanville",Cape Town,Western Cape,18,-33.833878,18.65912,https://www.google.com/maps/search/?api=1&query=-33.833878%2C18.65912
King David Mowbray Golf Club,"Raapenberg Road, Mowbray",Cape Town,Western Cape,18,-33.945951,18.492222,https://www.google.com/maps/search/?api=1&query=-33.945951%2C18.492222
Mupine Golf Club,"Forest Drive Extension, Pinelands",Cape Town,Western Cape,18,-33.922358,18.518332,https://www.google.com/maps/search/?api=1&query=-33.922358%2C18.518332
Royal Burgundy Mashie Golf Course,22 Viridian Street,Cape Town,Western Cape,9,-33.842444,18.553161,https://www.google.com/maps/search/?api=1&query=-33.842444%2C18.553161
Simon's Town Country Club,"Main Road, Simons Town",Cape Town,Western Cape,18,-34.201148,18.453426,https://www.google.com/maps/search/?api=1&query=-34.201148%2C18.453426
Skills Golf Club,Dan King Rd,Cape Town,Western Cape,9,-33.823732,18.70527,https://www.google.com/maps/search/?api=1&query=-33.823732%2C18.70527
The River Club,"Liesbeek Pkwy, Observatory",Cape Town,Western Cape,9,-33.936231,18.475699,https://www.google.com/maps/search/?api=1&query=-33.936231%2C18.475699
Wagner's Golf Academy,De Bron Rd,Cape Town,Western Cape,9,-33.857184,18.669205,https://www.google.com/maps/search/?api=1&query=-33.857184%2C18.669205
Westlake Golf Club,"Westlake Avenue off Boyes Drive, Lakeside",Cape Town,Western Cape,18,-34.085009,18.444875,https://www.google.com/maps/search/?api=1&query=-34.085009%2C18.444875
Ceres Golf Club ~ 18 Hole,1 Bergsig Street,Ceres,Western Cape,18,-33.375748,19.303593,https://www.google.com/maps/search/?api=1&query=-33.375748%2C19.303593
Ceres Golf Club ~ 9 Hole,1 Bergsig Street,Ceres,Western Cape,9,-33.375748,19.303593,https://www.google.com/maps/search/?api=1&query=-33.375748%2C19.303593
Citrusdal Golf Club,Oewer Street,Citrusdal,Western Cape,18,-32.593538,19.009128,https://www.google.com/maps/search/?api=1&query=-32.593538%2C19.009128
Clanwilliam Golf Course ~ 18 Hole,Park Street,Clanwilliam,Western Cape,18,-32.192036,18.90131,https://www.google.com/maps/search/?api=1&query=-32.192036%2C18.90131
Clanwilliam Golf Course ~ 9 Hole,Park Street,Clanwilliam,Western Cape,9,-32.192036,18.90131,https://www.google.com/maps/search/?api=1&query=-32.192036%2C18.90131
Darling Golf Course,Jacaranda Street,Darling,Western Cape,18,-33.377268,18.388331,https://www.google.com/maps/search/?api=1&query=-33.377268%2C18.388331
Hex Vallei Golf Club,Dauphine Crescent,De Doorns,Western Cape,18,-33.483872,19.65847,https://www.google.com/maps/search/?api=1&query=-33.483872%2C19.65847
De Hoek Golf Club,Aster Road,De Hoek,Western Cape,18,-32.943463,18.760946,https://www.google.com/maps/search/?api=1&query=-32.943463%2C18.760946
Pearl Valley Golf Estates,R301,Franschhoek,Western Cape,18,-33.819896,18.981954,https://www.google.com/maps/search/?api=1&query=-33.819896%2C18.981954
Gansbaai Golf Club,"212 Perlemoen Street, Kleinbaai",Gansbaai,Western Cape,18,-34.618413,19.349027,https://www.google.com/maps/search/?api=1&query=-34.618413%2C19.349027
Fancourt Hotel & Country Club ~ Links,1 Montagu St,George,Western Cape,18,-33.969331,22.409119,https://www.google.com/maps/search/?api=1&query=-33.969331%2C22.409119
Fancourt Hotel & Country Club ~ Montagu,"Montagu Street, Blanco",George,Western Cape,18,-33.952665,22.406123,https://www.google.com/maps/search/?api=1&query=-33.952665%2C22.406123
Fancourt Hotel & Country Club ~ Outeniqua,"Montagu Street, Blanco",George,Western Cape,18,-33.951252,22.406659,https://www.google.com/maps/search/?api=1&query=-33.951252%2C22.406659
Fancourt Hotel & Country Club ~ The Links Experience,Montagu St,George,Western Cape,9,-33.962961,22.400596,https://www.google.com/maps/search/?api=1&query=-33.962961%2C22.400596
Fancourt Hotel & Country Club ~ The Links Experience Par 3,Montagu St,George,Western Cape,9,-33.962961,22.400596,https://www.google.com/maps/search/?api=1&query=-33.962961%2C22.400596
George Golf Club,Langenhoven Str,George,Western Cape,18,-33.953534,22.445955,https://www.google.com/maps/search/?api=1&query=-33.953534%2C22.445955
Glenwood Golf Club,Knysna Rd,George,Western Cape,18,-33.973029,22.491644,https://www.google.com/maps/search/?api=1&query=-33.973029%2C22.491644
Kingswood Golf Estate,Plattner Boulevard,George,Western Cape,18,-33.970653,22.433563,https://www.google.com/maps/search/?api=1&query=-33.970653%2C22.433563
Oubaai Golf Club,"Oubaai Golf Resort, Herolds Bay",George,Western Cape,18,-34.046101,22.408612,https://www.google.com/maps/search/?api=1&query=-34.046101%2C22.408612
Fairview Golf Estate,14 Pebble Beach Close,Gordon's Bay,Western Cape,18,-34.138875,18.865271,https://www.google.com/maps/search/?api=1&query=-34.138875%2C18.865271
Grabouw Mashie Golf Club,26 oudebrug road,Grabouw,Western Cape,18,-34.15158,19.018613,https://www.google.com/maps/search/?api=1&query=-34.15158%2C19.018613
Heidelberg Golf Club,Off N2 on Riversdale side of Heidelberg,Heidelberg,Western Cape,9,-34.087277,20.965567,https://www.google.com/maps/search/?api=1&query=-34.087277%2C20.965567
Heidelberg Golf Club ~ 18 Hole,Off N2 on Riversdale side of Heidelberg,Heidelberg,Western Cape,18,-34.087277,20.965567,https://www.google.com/maps/search/?api=1&query=-34.087277%2C20.965567
Hermanus Golf Club ~ East,Golf Road,Hermanus,Western Cape,18,-34.41054,19.256426,https://www.google.com/maps/search/?api=1&query=-34.41054%2C19.256426
Hermanus Golf Club ~ North,Golf Road,Hermanus,Western Cape,18,-34.41054,19.256426,https://www.google.com/maps/search/?api=1&query=-34.41054%2C19.256426
Hermanus Golf Club ~ South,Golf Road,Hermanus,Western Cape,18,-34.41054,19.256426,https://www.google.com/maps/search/?api=1&query=-34.41054%2C19.256426
Arabella Golf Club,R44 Road,Kleinmond,Western Cape,18,-34.317351,19.135054,https://www.google.com/maps/search/?api=1&query=-34.317351%2C19.135054
Kleinmond Golf Club,Top of Botriver Road,Kleinmond,Western Cape,18,-34.330816,19.033964,https://www.google.com/maps/search/?api=1&query=-34.330816%2C19.033964
Knysna Golf Club,"Howard Str., Hunters Home",Knysna,Western Cape,18,-34.058426,23.078983,https://www.google.com/maps/search/?api=1&query=-34.058426%2C23.078983
Pezula Championship Golf Course,"Lagoonview Drive, East Head",Knysna,Western Cape,18,-34.070168,23.089694,https://www.google.com/maps/search/?api=1&query=-34.070168%2C23.089694
Pezula Championship Golf Course ~ Par 3,"Lagoonview Drive, East Head",Knysna,Western Cape,18,-34.070168,23.089694,https://www.google.com/maps/search/?api=1&query=-34.070168%2C23.089694
Simola Golf & Country Estate,"1 Old Cape Road, Easford",Knysna,Western Cape,18,-34.002906,23.030987,https://www.google.com/maps/search/?api=1&query=-34.002906%2C23.030987
Jan Kriel Mashie Course,Skool St,Kuils River,Western Cape,18,-33.919426,18.683496,https://www.google.com/maps/search/?api=1&query=-33.919426%2C18.683496
Kuils River Golf Club,Bottelary Road,Kuils River,Western Cape,18,-33.902392,18.709738,https://www.google.com/maps/search/?api=1&query=-33.902392%2C18.709738
Ladismith Golf Club,Van Riebeeck Street,Ladismith,Western Cape,9,-33.492511,21.263604,https://www.google.com/maps/search/?api=1&query=-33.492511%2C21.263604
Lamberts Bay Golf Club,Main Road,Lamberts Bay,Western Cape,18,-32.099086,18.326025,https://www.google.com/maps/search/?api=1&query=-32.099086%2C18.326025
Xamarin Golf and Country Club,R364,Lamberts Bay,Western Cape,18,-32.086573,18.367016,https://www.google.com/maps/search/?api=1&query=-32.086573%2C18.367016
Langebaan Country Estate Golf,1 Oostewal Rd,Langebaan,Western Cape,18,-33.07444,18.054226,https://www.google.com/maps/search/?api=1&query=-33.07444%2C18.054226
Langebaan Country Estate Golf ~ Mashie Course,1 Oostewal Rd,Langebaan,Western Cape,18,-33.07444,18.054226,https://www.google.com/maps/search/?api=1&query=-33.07444%2C18.054226
Lutzville Golf Club,Parkway Street,Lutzville,Western Cape,9,-31.561535,18.345848,https://www.google.com/maps/search/?api=1&query=-31.561535%2C18.345848
Malmesbury Golf Club,Voortrekker Road,Malmesbury,Western Cape,18,-33.446072,18.718812,https://www.google.com/maps/search/?api=1&query=-33.446072%2C18.718812
Atlantic Beach Golf Club,"1 Fairway Drive, Atlantic Beach Golf Estate",Melkbosstrand,Western Cape,18,-33.73921,18.453249,https://www.google.com/maps/search/?api=1&query=-33.73921%2C18.453249
Milnerton Golf Club,Beidge Rd,Milnerton,Western Cape,18,-33.881532,18.488074,https://www.google.com/maps/search/?api=1&query=-33.881532%2C18.488074
Milnerton Golf Club ~ Competition,Beidge Rd,Milnerton,Western Cape,18,-33.881532,18.488074,https://www.google.com/maps/search/?api=1&query=-33.881532%2C18.488074
Montagu Golf Club,Bath Street,Montagu,Western Cape,9,-33.770063,20.13133,https://www.google.com/maps/search/?api=1&query=-33.770063%2C20.13133
Moorreesburg Golf Club,River Rd,Moorreesburg,Western Cape,18,-33.16015,18.665709,https://www.google.com/maps/search/?api=1&query=-33.16015%2C18.665709
Boggomsbaai Golf Club,Albacorn Street,Mossel Bay,Western Cape,18,-34.259471,21.905403,https://www.google.com/maps/search/?api=1&query=-34.259471%2C21.905403
Dolphin Creek Golf Estate,"Morrison Ave, Eiland, Groot Brakrivier",Mossel Bay,Western Cape,18,-34.049399,22.238688,https://www.google.com/maps/search/?api=1&query=-34.049399%2C22.238688
Mossel Bay Golf Club,17th Avenue,Mossel Bay,Western Cape,18,-34.189513,22.131298,https://www.google.com/maps/search/?api=1&query=-34.189513%2C22.131298
Pinnacle Point Golf Club,1 Pinnacle Point Road,Mossel Bay,Western Cape,18,-34.19553,22.090797,https://www.google.com/maps/search/?api=1&query=-34.19553%2C22.090797
Metropolitan Golf Club,Fritz Sonnenberg Road,Mouille Point,Western Cape,18,-33.900461,18.408344,https://www.google.com/maps/search/?api=1&query=-33.900461%2C18.408344
Rondebosch Golf Club,Golf Course Road,Mowbray,Western Cape,18,-33.956126,18.493787,https://www.google.com/maps/search/?api=1&query=-33.956126%2C18.493787
Oudtshoorn Golf Club,331 St Saviour Street,Oudtshoorn,Western Cape,18,-33.588173,22.219831,https://www.google.com/maps/search/?api=1&query=-33.588173%2C22.219831
Paarl Golf Club ~ Boschenmeer,844 Wemmershoek Road,Paarl,Western Cape,18,-33.761585,18.981043,https://www.google.com/maps/search/?api=1&query=-33.761585%2C18.981043
Paarl Golf Club ~ Old Course,844 Wemmershoek Road,Paarl,Western Cape,18,-33.761585,18.981043,https://www.google.com/maps/search/?api=1&query=-33.761585%2C18.981043
Paarl Golf Club ~ Winelands,844 Wemmershoek Road,Paarl,Western Cape,18,-33.761585,18.981043,https://www.google.com/maps/search/?api=1&query=-33.761585%2C18.981043
Parow Golf Club,Frans Conradie Drive,Parow,Western Cape,18,-33.896747,18.573672,https://www.google.com/maps/search/?api=1&query=-33.896747%2C18.573672
Piketberg Golf Club,Church Street,Piketberg,Western Cape,9,-32.90298,18.767309,https://www.google.com/maps/search/?api=1&query=-32.90298%2C18.767309
Goose Valley Golf Club,"Next to N2, Goose Valley",Plettenberg Bay,Western Cape,18,-34.026375,23.381877,https://www.google.com/maps/search/?api=1&query=-34.026375%2C23.381877
Plettenberg Bay Country Club,Piesang Valley Road,Plettenberg Bay,Western Cape,18,-34.062028,23.348496,https://www.google.com/maps/search/?api=1&query=-34.062028%2C23.348496
Porterville Golf Club,Buitengracht Street,Porterville,Western Cape,18,-33.00569,19.007294,https://www.google.com/maps/search/?api=1&query=-33.00569%2C19.007294
Prince Albert Golf Club,Adderley Street,Prince Albert,Western Cape,9,-33.208513,22.028202,https://www.google.com/maps/search/?api=1&query=-33.208513%2C22.028202
Riversdale Golf Club,Tom Stander Drive,Riversdale,Western Cape,18,-34.111862,21.28114,https://www.google.com/maps/search/?api=1&query=-34.111862%2C21.28114
Riviersonderend Golf Club,Voortrekker Road,Riviersonderend,Western Cape,18,-34.137309,19.921643,https://www.google.com/maps/search/?api=1&query=-34.137309%2C19.921643
Robertson Golf Club,26 Silwerstrand Boulevard,Robertson,Western Cape,18,-33.810262,19.851174,https://www.google.com/maps/search/?api=1&query=-33.810262%2C19.851174
Sedge Links Golf Club,Swartvlei Beach Rd,Sedgefield,Western Cape,18,-34.010174,22.755719,https://www.google.com/maps/search/?api=1&query=-34.010174%2C22.755719
Erinvale Golf Club,Lourensford Road,Somerset West,Western Cape,18,-34.065248,18.883949,https://www.google.com/maps/search/?api=1&query=-34.065248%2C18.883949
Helderberg Village Golf Club,"Bakkerskloof Road, The Helderberg Village",Somerset West,Western Cape,18,-34.045375,18.819066,https://www.google.com/maps/search/?api=1&query=-34.045375%2C18.819066
Somerset West Golf Club,Rue De Jacqueline Avenue,Somerset West,Western Cape,18,-34.079371,18.840444,https://www.google.com/maps/search/?api=1&query=-34.079371%2C18.840444
Shelley Point Golf Club ~ 18 Hole,Shelley Point Main Gate,St Helena Bay,Western Cape,18,-32.7091,17.972593,https://www.google.com/maps/search/?api=1&query=-32.7091%2C17.972593
Shelley Point Golf Club ~ 9 Hole,Shelley Point Main Gate,St Helena Bay,Western Cape,9,-32.7091,17.972593,https://www.google.com/maps/search/?api=1&query=-32.7091%2C17.972593
De Zalze Golf Course,"De Zalze Winelands Golf Estate, R44",Stellenbosch,Western Cape,18,-33.971337,18.835479,https://www.google.com/maps/search/?api=1&query=-33.971337%2C18.835479
Devonvale Golf & Wine Estate,"Bottelry Road, Koelenhof",Stellenbosch,Western Cape,18,-33.882582,18.804482,https://www.google.com/maps/search/?api=1&query=-33.882582%2C18.804482
Hazendal Golf,Bottelary Road,Stellenbosch,Western Cape,18,-33.897568,18.719164,https://www.google.com/maps/search/?api=1&query=-33.897568%2C18.719164
Stellenbosch Golf Club,Strand Road (R44),Stellenbosch,Western Cape,18,-33.958247,18.850266,https://www.google.com/maps/search/?api=1&query=-33.958247%2C18.850266
Stilbaai Golf Club,"Off Main Road, West Still Bay",Still Bay,Western Cape,18,-34.387098,21.411451,https://www.google.com/maps/search/?api=1&query=-34.387098%2C21.411451
Greenways Golf Estate,"Greenways 4050, Beach Road",Strand,Western Cape,18,-34.129957,18.841907,https://www.google.com/maps/search/?api=1&query=-34.129957%2C18.841907
Strand Golf Club,Beach Road,Strand,Western Cape,18,-34.098074,18.817407,https://www.google.com/maps/search/?api=1&query=-34.098074%2C18.817407
Swellendam Golf Course,Andrew White Street,Swellendam,Western Cape,18,-34.016078,20.43298,https://www.google.com/maps/search/?api=1&query=-34.016078%2C20.43298
Steenberg Golf Club,"11111 Steenberg Estate, Tokai Road",Tokai,Western Cape,18,-34.069462,18.426862,https://www.google.com/maps/search/?api=1&query=-34.069462%2C18.426862
Uniondale Golf Club,Stoneleigh Country Estate,Uniondale,Western Cape,18,-33.655069,23.140703,https://www.google.com/maps/search/?api=1&query=-33.655069%2C23.140703
Berg River Golf Club,Vygie Street,Velddrif,Western Cape,9,-32.778834,18.162024,https://www.google.com/maps/search/?api=1&query=-32.778834%2C18.162024
Theewaterskloof Country Estate Golf Course,Off N2 onto R43 at Caledon,Villiersdorp,Western Cape,18,-34.056403,19.288714,https://www.google.com/maps/search/?api=1&query=-34.056403%2C19.288714
Vredenburg Golf Club ~ 18 Hole,Eenzaamheid Street,Vredenburg,Western Cape,18,-32.9215,18.055524,https://www.google.com/maps/search/?api=1&query=-32.9215%2C18.055524
Vredenburg Golf Club ~ 9 Hole,Eenzaamheid Street,Vredenburg,Western Cape,9,-32.9215,18.055524,https://www.google.com/maps/search/?api=1&query=-32.9215%2C18.055524
Vredendal Golf Club,R363,Vredendal,Western Cape,9,-31.661727,18.550183,https://www.google.com/maps/search/?api=1&query=-31.661727%2C18.550183
Bellville Golf Club,Jip de Jager Drive,Welgemoed,Western Cape,18,-33.870614,18.617599,https://www.google.com/maps/search/?api=1&query=-33.870614%2C18.617599
Wellington Golf Club,Lower Pents Street,Wellington,Western Cape,18,-33.641926,18.98916,https://www.google.com/maps/search/?api=1&query=-33.641926%2C18.98916
Riverside Golf Course,"Aan De Doorns Street, Riverside, Parkers Dam",Worcester,Western Cape,18,-33.665521,19.457538,https://www.google.com/maps/search/?api=1&query=-33.665521%2C19.457538
Worcester Golf Club,22 Kolie Nelson Road,Worcester,Western Cape,18,-33.618505,19.447065,https://www.google.com/maps/search/?api=1&query=-33.618505%2C19.447065
Royal Cape Golf Club,174 Ottery Road,Wynberg,Western Cape,18,-34.013498,18.485051,https://www.google.com/maps/search/?api=1&query=-34.013498%2C18.485051
